ECG,EDA,EMG,Temp
0,0.5,0,32
0.0753268055279327,0.501256603988335,0.951056516295154,32.0006283174972
0.150225589120757,0.502513009544334,-0.587785252292473,32.0012566287931
0.224270760949381,0.503769018266993,-0.587785252292474,32.0018849276866
0.297041581577035,0.505024431817977,0.951056516295154,32.0025132079767
0.368124552684678,0.506279051952931,3.67381906146713E-16,32.0031414634624
0.437115766650933,0.507532680552793,-0.951056516295154,32.0037696879431
0.503623201635761,0.508785119655074,0.587785252292473,32.0043978752185
0.567268949126757,0.510036171485121,0.587785252292474,32.0050260190887
0.6276913612907,0.511285638487348,-0.951056516295152,32.0056541133541
0.684547105928689,0.51253332335643,-7.34763812293426E-16,32.0062821518156
0.737513117358174,0.513779029068464,0.951056516295154,32.0069101282749
0.786288432136619,0.515022558912076,-0.58778525229247,32.007538036534
0.830595899195813,0.516263716519488,-0.587785252292474,32.0081658703957
0.870183754669526,0.517502305897528,0.951056516295153,32.0087936236636
0.90482705246602,0.518738131458573,4.65485939724064E-15,32.0094212901419
0.934328942456612,0.519970998051441,-0.951056516295154,32.010048863636
0.958521789017376,0.521200710992205,0.587785252292469,32.0106763379518
0.977268123568193,0.522427076094938,0.58778525229248,32.0113037068964
0.990461425696651,0.523649899702372,-0.951056516295152,32.011930964278
0.998026728428272,0.524868988716485,-1.46952762458685E-15,32.0125581039059
0.999921044203816,0.52608415062899,0.951056516295155,32.0131851195903
0.996133609143173,0.527295193551732,-0.587785252292472,32.0138120051429
0.986685944207868,0.528501926246998,-0.587785252292477,32.0144387543766
0.971631732914674,0.529704158157703,0.951056516295151,32.0150653611056
0.951056516295154,0.530901699437495,5.38962320953407E-15,32.0156918191456
0.925077206834458,0.532094360980721,-0.951056516295154,32.0163181223136
0.893841424151264,0.533281954452299,0.587785252292469,32.0169442644284
0.857526656193652,0.534464292317452,0.587785252292475,32.0175702393101
0.816339250717184,0.535641187871325,-0.95105651629515,32.0181960407807
0.770513242775789,0.536812455268468,-9.30971879448128E-15,32.0188216626637
0.720309024887907,0.53797790955218,0.951056516295155,32.0194470987845
0.666011867434252,0.53913736668372,-0.587785252292471,32.0200723429702
0.607930297694605,0.540290643571366,-0.587785252292478,32.0206973890501
0.546394346734269,0.541437558099328,0.951056516295151,32.021322230855
0.481753674101716,0.542577929156507,1.32298143794285E-14,32.0219468622182
0.414375580993284,0.543711576665093,-0.951056516295159,32.0225712769747
0.344642923174517,0.544838321609003,0.587785252292468,32.0231954689618
0.272951935517325,0.545957986062149,0.587785252292481,32.023819432019
0.199709980514407,0.547070393216533,-0.951056516295154,32.024443159988
0.125333233564304,0.548175367410171,-2.93905524917371E-15,32.0250666467129
0.0502443181797697,0.549272734154829,0.951056516295156,32.0256898860401
-0.0251300954433371,0.550362320163576,-0.587785252292465,32.0263128718185
-0.100361714851215,0.551443953378151,-0.587785252292484,32.0269355978994
-0.175023058975276,0.55251746299613,0.951056516295153,32.0275580581369
-0.248689887164855,0.5535826794979,6.85915083412092E-15,32.0281802463875
-0.320943609807209,0.554639434673427,-0.951056516295157,32.0288021565105
-0.391373666837202,0.555687561648819,0.587785252292462,32.0294237823677
-0.459579860621488,0.556726894912676,0.587785252292487,32.0300451178242
-0.525174629961295,0.557757270342227,-0.951056516295151,32.0306661567474
-0.587785252292473,0.558778525229247,-1.07792464190681E-14,32.031286893008
-0.647055961569444,0.559790498305752,0.951056516295158,32.0319073204797
-0.702649969798849,0.560793029769461,-0.58778525229247,32.032527433039
-0.754251380736104,0.561785961309033,-0.587785252292479,32.0331472245656
-0.801566984870876,0.56276913612907,0.95105651629515,32.0337666889425
-0.844327925502015,0.563742398974869,4.88487288813344E-16,32.0343858200559
-0.882291226434953,0.564705596156944,-0.951056516295155,32.0350046117951
-0.915241172620918,0.565658575575296,0.587785252292455,32.0356230580528
-0.942990535892864,0.566601186743425,0.587785252292494,32.0362411527254
-0.965381638833274,0.567533280812102,-0.951056516295149,32.0368588897125
-0.982287250728689,0.568454710592869,-1.86194375889626E-14,32.0374762629171
-0.993611310520008,0.56936533058128,0.95105651629516,32.0380932662462
-0.999289472640589,0.570264996979885,-0.587785252292464,32.0387098936102
-0.999289472640589,0.571153567720929,-0.587785252292485,32.0393261389231
-0.993611310520008,0.572030902488791,0.951056516295152,32.0399419961029
-0.982287250728689,0.572896862742141,8.32867845870777E-15,32.0405574590713
-0.965381638833274,0.573751311735817,-0.951056516295157,32.041172521754
-0.942990535892864,0.574594114542418,0.587785252292472,32.0417871780805
-0.915241172620918,0.57542513807361,0.587785252292489,32.0424014219844
-0.882291226434954,0.576244251101145,-0.951056516295142,32.0430152474034
-0.844327925502016,0.577051324277579,-2.6459628758857E-14,32.0436286482793
-0.801566984870877,0.577846230156702,0.951056516295159,32.044241618558
-0.754251380736104,0.578628843213662,-0.587785252292446,32.0448541521899
-0.70264996979885,0.579399039864783,-0.587785252292492,32.0454662431293
-0.647055961569444,0.580156698487088,0.95105651629515,32.0460778853353
-0.587785252292473,0.580901699437495,3.03797243438042E-14,32.0466890727712
-0.525174629961296,0.581633925071718,-0.95105651629516,32.0472997994047
-0.459579860621488,0.582353259762843,0.587785252292466,32.0479100592084
-0.391373666837202,0.583059589919581,0.587785252292472,32.0485198461591
-0.32094360980721,0.583752804004214,-0.951056516295149,32.0491291542385
-0.248689887164854,0.584432792550202,-5.87811049834741E-15,32.049737977433
-0.175023058975276,0.585099448179469,0.951056516295152,32.0503463097337
-0.100361714851215,0.585752665619365,-0.587785252292462,32.0509541451367
-0.0251300954433379,0.586392341719284,-0.587785252292498,32.0515614776428
0.0502443181797688,0.587018375466953,0.951056516295147,32.052168301258
0.125333233564304,0.587630668004386,9.79820608329462E-15,32.0527746099931
0.199709980514407,0.588229122643495,-0.951056516295162,32.0533803978641
0.272951935517325,0.588813644881354,0.587785252292459,32.0539856588921
0.344642923174517,0.589384142415126,0.587785252292478,32.0545903871035
0.414375580993284,0.589940525156637,-0.951056516295146,32.0551945765298
0.481753674101715,0.590482705246602,-1.37183016682418E-14,32.0557982212078
0.546394346734269,0.5910105970685,0.951056516295155,32.05640131518
0.607930297694605,0.591524117262092,-0.587785252292456,32.057003852494
0.666011867434251,0.592023184736587,-0.587785252292482,32.057605827203
0.720309024887906,0.592507720683446,0.951056516295145,32.0582072333657
0.770513242775789,0.592977648588825,1.76383972531891E-14,32.0588080650465
0.816339250717184,0.593432894245661,-0.951056516295165,32.0594083163154
0.857526656193652,0.593873385765387,0.587785252292453,32.0600079812483
0.893841424151263,0.594299053589286,0.587785252292485,32.0606070539266
0.925077206834458,0.594709830499474,-0.951056516295144,32.0612055284377
0.951056516295154,0.595105651629515,-2.15584928381363E-14,32.061803398875
0.971631732914674,0.595486454474664,0.951056516295157,32.0624006593377
0.986685944207868,0.595852178901738,-0.58778525229245,32.0629973039311
0.996133609143173,0.596202767158609,-0.587785252292488,32.0635933267665
0.999921044203816,0.596538163883327,0.951056516295151,32.0641887219614
0.998026728428272,0.596858316112863,2.54785884230835E-14,32.0647834836396
0.990461425696651,0.597163173291467,-0.951056516295158,32.065377605931
0.977268123568193,0.597452687278658,0.58778525229247,32.0659710829718
0.958521789017376,0.597726812356819,0.587785252292491,32.0665639089046
0.934328942456612,0.597985505238425,-0.95105651629515,32.0671560778785
0.904827052466019,0.598228725072869,-9.76974577626688E-16,32.0677475840491
0.870183754669526,0.598456433452921,0.951056516295159,32.0683384215783
0.830595899195813,0.598668594420787,-0.587785252292466,32.0689285846349
0.786288432136619,0.598865174473791,-0.587785252292517,32.0695180673942
0.737513117358174,0.599046142569665,0.95105651629514,32.0701068640383
0.68454710592869,0.599211470131448,3.33187795929779E-14,32.0706949687559
0.627691361290701,0.599361131052001,-0.951056516295169,32.0712823757426
0.567268949126757,0.59949510169813,0.58778525229244,32.0718690792012
0.503623201635762,0.599613360914317,0.587785252292497,32.0724550733409
0.437115766650933,0.599715890026061,-0.951056516295139,32.0730403523783
0.368124552684678,0.599802672842827,-3.72388751779251E-14,32.0736249105369
0.297041581577036,0.599873695660602,0.951056516295162,32.0742087420474
0.224270760949382,0.599928947264059,-0.587785252292437,32.0747918411476
0.150225589120757,0.59996841892833,-0.587785252292501,32.0753742020824
0.0753268055279337,0.599992104420382,0.951056516295146,32.0759558191044
3.67381906146713E-16,0.6,1.27372613324683E-14,32.076536686473
-0.075326805527933,0.599992104420382,-0.951056516295163,32.0771167984555
-0.150225589120756,0.59996841892833,0.587785252292457,32.0776961493263
-0.224270760949381,0.599928947264059,0.587785252292481,32.0782747333674
-0.297041581577035,0.599873695660602,-0.951056516295145,32.0788525448686
-0.368124552684677,0.599802672842827,-1.66573569174155E-14,32.079429578127
-0.437115766650933,0.599715890026061,0.951056516295155,32.0800058274475
-0.503623201635761,0.599613360914317,-0.587785252292454,32.0805812871427
-0.567268949126756,0.59949510169813,-0.587785252292484,32.0811559515332
-0.6276913612907,0.599361131052001,0.951056516295153,32.0817298149473
-0.684547105928689,0.599211470131448,2.05774525023628E-14,32.082302871721
-0.737513117358174,0.599046142569665,-0.951056516295165,32.0828751161987
-0.786288432136619,0.598865174473791,0.587785252292474,32.0834465427324
-0.830595899195812,0.598668594420787,0.587785252292533,32.0840171456824
-0.870183754669525,0.598456433452921,-0.951056516295143,32.0845869194171
-0.904827052466019,0.598228725072869,-5.2919257517714E-14,32.085155858313
-0.934328942456612,0.597985505238425,0.951056516295175,32.085723956755
-0.958521789017376,0.597726812356819,-0.587785252292447,32.0862912091362
-0.977268123568193,0.597452687278658,-0.587785252292513,32.086857609858
-0.990461425696651,0.597163173291467,0.951056516295133,32.0874231533302
-0.998026728428272,0.596858316112863,2.84176436722572E-14,32.0879878339712
-0.999921044203816,0.596538163883327,-0.951056516295168,32.0885516462078
-0.996133609143173,0.596202767158609,0.587785252292421,32.0891145844754
-0.986685944207868,0.595852178901738,0.587785252292493,32.089676643218
-0.971631732914674,0.595486454474664,-0.95105651629514,32.0902378168884
-0.951056516295154,0.595105651629515,-6.07594486876084E-14,32.0907980999479
-0.925077206834458,0.594709830499474,0.95105651629516,32.0913574868669
-0.893841424151264,0.594299053589286,-0.587785252292441,32.0919159721243
-0.857526656193652,0.593873385765387,-0.587785252292474,32.0924735502082
-0.816339250717184,0.593432894245661,0.951056516295148,32.0930302156155
-0.77051324277579,0.592977648588825,3.62578348421516E-14,32.0935859628521
-0.720309024887907,0.592507720683446,-0.951056516295153,32.0941407864331
-0.666011867434251,0.592023184736587,0.587785252292461,32.0946946808825
-0.607930297694606,0.591524117262092,0.5877852522925,32.0952476407336
-0.546394346734269,0.5910105970685,-0.951056516295155,32.095799660529
-0.481753674101715,0.590482705246602,-1.17562209966948E-14,32.0963507348203
-0.414375580993285,0.589940525156637,0.951056516295163,32.0969008581689
-0.344642923174517,0.589384142415126,-0.587785252292481,32.0974500251451
-0.272951935517326,0.588813644881354,-0.587785252292526,32.0979982303288
-0.199709980514407,0.588229122643495,0.951056516295145,32.0985454683097
-0.125333233564306,0.587630668004386,4.4098026012046E-14,32.0990917336865
-0.0502443181797705,0.587018375466953,-0.951056516295173,32.0996370210679
0.0251300954433372,0.586392341719284,0.587785252292455,32.1001813250721
0.100361714851213,0.585752665619365,0.587785252292506,32.1007246403272
0.175023058975275,0.585099448179469,-0.951056516295135,32.1012669614706
0.248689887164855,0.584432792550202,-1.95964121665892E-14,32.1018082831501
0.320943609807208,0.583752804004214,0.951056516295165,32.1023486000229
0.391373666837202,0.583059589919581,-0.587785252292428,32.1028879067563
0.459579860621488,0.582353259762843,-0.587785252292486,32.1034261980276
0.525174629961295,0.581633925071718,0.951056516295143,32.1039634685241
0.587785252292473,0.580901699437495,5.19382171819405E-14,32.1044997129432
0.647055961569444,0.580156698487088,-0.951056516295158,32.1050349259923
0.702649969798849,0.579399039864783,0.587785252292448,32.105569102389
0.754251380736104,0.578628843213662,0.587785252292512,32.1061022368613
0.801566984870877,0.577846230156702,-0.951056516295151,32.1066343241474
0.844327925502015,0.577051324277579,-2.74366033364837E-14,32.1071653589958
0.882291226434953,0.576244251101145,0.951056516295168,32.1076953361653
0.915241172620918,0.57542513807361,-0.587785252292468,32.1082242504254
0.942990535892864,0.574594114542418,-0.587785252292493,32.1087520965558
0.965381638833274,0.573751311735817,0.951056516295141,32.1092788693469
0.982287250728689,0.572896862742141,2.93498949102688E-15,32.1098045635996
0.993611310520008,0.572030902488791,-0.95105651629516,32.1103291741257
0.999289472640589,0.571153567720929,0.587785252292442,32.1108526957473
0.999289472640589,0.570264996979885,0.587785252292519,32.1113751232976
0.993611310520009,0.56936533058128,-0.951056516295131,32.1118964516204
0.982287250728689,0.568454710592869,-3.52767945063781E-14,32.1124166755704
0.965381638833274,0.567533280812102,0.95105651629517,32.1129357900132
0.942990535892865,0.566601186743425,-0.587785252292416,32.1134537898253
0.915241172620918,0.565658575575296,-0.587785252292499,32.1139706698944
0.882291226434954,0.564705596156944,0.951056516295138,32.1144864251189
0.844327925502015,0.563742398974869,6.76185995217293E-14,32.1150010504087
0.801566984870877,0.56276913612907,-0.951056516295162,32.1155145406845
0.754251380736104,0.561785961309033,0.587785252292436,32.1160268908784
0.702649969798849,0.560793029769461,0.587785252292525,32.1165380959337
0.647055961569445,0.559790498305752,-0.951056516295146,32.1170481508051
0.587785252292474,0.558778525229247,-4.31169856762725E-14,32.1175570504585
0.525174629961297,0.557757270342227,0.951056516295172,32.1180647898713
0.459579860621489,0.556726894912676,-0.587785252292455,32.1185713640322
0.391373666837204,0.555687561648819,-0.587785252292551,32.1190767679417
0.320943609807209,0.554639434673427,0.951056516295136,32.1195809966115
0.248689887164857,0.5535826794979,7.54587906916238E-14,32.1200840450652
0.175023058975276,0.55251746299613,-0.951056516295165,32.1205859083378
0.100361714851216,0.551443953378151,0.587785252292429,32.1210865814762
0.0251300954433383,0.550362320163576,0.587785252292485,32.1215860595389
-0.0502443181797676,0.549272734154829,-0.951056516295126,32.1220843375963
-0.125333233564305,0.548175367410171,-5.0957176846167E-14,32.1225814107306
-0.199709980514406,0.547070393216533,0.951056516295175,32.1230772740358
-0.272951935517325,0.545957986062149,-0.587785252292449,32.1235719226181
-0.344642923174516,0.544838321609003,-0.587785252292512,32.1240653515953
-0.414375580993285,0.543711576665093,0.951056516295151,32.1245575560976
-0.481753674101715,0.542577929156507,8.32989818615182E-14,32.1250485312671
-0.546394346734268,0.541437558099328,-0.951056516295167,32.1255382722581
-0.607930297694604,0.540290643571366,0.587785252292423,32.1260267742371
-0.666011867434252,0.53913736668372,0.587785252292492,32.1265140323826
-0.720309024887906,0.53797790955218,-0.951056516295141,32.1270000418858
-0.77051324277579,0.536812455268468,-1.95394915525338E-15,32.1274847979497
-0.816339250717184,0.535641187871325,0.951056516295177,32.1279682957902
-0.857526656193652,0.534464292317452,-0.587785252292443,32.1284505306353
-0.893841424151263,0.533281954452299,-0.587785252292518,32.1289314977255
-0.925077206834458,0.532094360980721,0.951056516295149,32.1294111923139
-0.951056516295153,0.530901699437495,3.42957541706046E-14,32.129889609666
-0.971631732914674,0.529704158157704,-0.951056516295187,32.1303667450602
-0.986685944207868,0.528501926246998,0.587785252292417,32.1308425937872
-0.996133609143172,0.527295193551732,0.587785252292544,32.1313171511506
-0.999921044203816,0.52608415062899,-0.951056516295139,32.1317904124667
-0.998026728428272,0.524868988716486,-6.66375591859558E-14,32.1322623730647
-0.990461425696651,0.523649899702372,0.951056516295162,32.1327330282865
-0.977268123568194,0.522427076094938,-0.58778525229239,32.1332023734869
-0.958521789017376,0.521200710992205,-0.587785252292524,32.1336704040336
-0.934328942456612,0.519970998051441,0.951056516295129,32.1341371153073
-0.90482705246602,0.518738131458573,4.2135945340499E-14,32.134602502702
-0.870183754669527,0.517502305897528,-0.951056516295172,32.1350665616242
-0.830595899195813,0.516263716519488,0.587785252292456,32.135529287494
-0.78628843213662,0.515022558912076,0.587785252292551,32.1359906757445
-0.737513117358173,0.513779029068464,-0.951056516295154,32.1364507218219
-0.684547105928689,0.51253332335643,-7.44777503558502E-14,32.1369094211857
-0.627691361290701,0.511285638487348,0.951056516295165,32.1373667693089
-0.567268949126758,0.510036171485121,-0.58778525229243,32.1378227616775
-0.503623201635761,0.508785119655074,-0.587785252292485,32.138277393791
-0.437115766650934,0.507532680552793,0.951056516295126,32.1387306611626
-0.368124552684677,0.506279051952931,-6.86728235041456E-15,32.1391825593185
-0.297041581577035,0.505024431817977,-0.951056516295175,32.1396330837987
-0.224270760949382,0.503769018266993,0.58778525229245,32.1400822301568
-0.150225589120759,0.502513009544334,0.587785252292511,32.1405299939598
-0.0753268055279323,0.501256603988335,-0.951056516295151,32.1409763707885
-7.34763812293426E-16,0.5,-2.54745226649367E-14,32.1414213562373
0.0753268055279308,0.498743396011665,0.951056516295185,32.1418649459145
0.150225589120758,0.497486990455666,-0.587785252292424,32.1423071354419
0.224270760949381,0.496230981733007,-0.587785252292537,32.1427479204553
0.297041581577033,0.494975568182023,0.951056516295141,32.1431872966044
0.368124552684675,0.493720948047069,1.14659746541096E-13,32.1436252595526
0.437115766650932,0.492467319447207,-0.951056516295159,32.1440618049776
0.503623201635759,0.491214880344926,0.587785252292398,32.1444969285707
0.567268949126757,0.489963828514879,0.587785252292517,32.1449306260374
0.6276913612907,0.488714361512652,-0.951056516295131,32.1453628930974
0.684547105928688,0.48746667664357,-3.33147138348311E-14,32.1457937254843
0.737513117358172,0.486220970931536,0.951056516295187,32.146223118946
0.786288432136619,0.484977441087924,-0.587785252292463,32.1466510692445
0.830595899195812,0.483736283480512,-0.587785252292543,32.1470775721562
0.870183754669526,0.482497694102472,0.951056516295139,32.1475026234716
0.904827052466019,0.481261868541428,6.56565188501823E-14,32.1479262189957
0.934328942456612,0.480029001948559,-0.951056516295162,32.1483483545477
0.958521789017375,0.478799289007795,0.587785252292437,32.1487690259614
0.977268123568193,0.477572923905062,0.587785252292478,32.1491882290848
0.990461425696651,0.476350100297628,-0.951056516295129,32.1496059597807
0.998026728428272,0.475131011283514,-4.11549050047255E-14,32.1500222139261
0.999921044203816,0.47391584937101,0.951056516295172,32.1504369874128
0.996133609143173,0.472704806448267,-0.587785252292411,32.1508502761472
0.986685944207868,0.471498073753002,-0.587785252292504,32.1512620760503
0.971631732914674,0.470295841842297,0.951056516295154,32.1516723830577
0.951056516295154,0.469098300562505,7.34967100200767E-14,32.15208119312
0.925077206834459,0.467905639019279,-0.951056516295199,32.1524885022023
0.893841424151264,0.466718045547701,0.587785252292385,32.1528943062846
0.857526656193653,0.465535707682548,0.58778525229253,32.1532986013619
0.816339250717185,0.464358812128675,-0.951056516295144,32.1537013834438
0.770513242775791,0.463187544731532,-1.05838515035428E-13,32.1541026485552
0.720309024887907,0.46202209044782,0.951056516295174,32.1545023927356
0.666011867434253,0.46086263331628,-0.587785252292359,32.1549006120397
0.607930297694605,0.459709356428634,-0.587785252292556,32.1552973025374
0.546394346734269,0.458562441900672,0.951056516295134,32.1556924603134
0.481753674101717,0.457422070843493,2.44934823291632E-14,32.1560860814677
0.414375580993287,0.456288423334907,-0.951056516295184,32.1564781621153
0.344642923174517,0.455161678390997,0.587785252292424,32.1568686983867
0.272951935517327,0.454042013937851,0.587785252292582,32.1572576864273
0.199709980514406,0.452929606783467,-0.951056516295159,32.1576451223981
0.125333233564304,0.451824632589829,-5.68352873445144E-14,32.1580310024751
0.0502443181797708,0.450727265845171,0.951056516295159,32.15841532285
-0.0251300954433351,0.449637679836424,-0.587785252292398,32.1587980797296
-0.100361714851215,0.448556046621849,-0.587785252292516,32.1591792693362
-0.175023058975275,0.44748253700387,0.951056516295114,32.1595588879077
-0.248689887164856,0.4464173205021,-2.45097453617504E-14,32.1599369316974
-0.32094360980721,0.445360565326573,-0.951056516295169,32.1603133969742
-0.391373666837201,0.444312438351181,0.587785252292464,32.1606882800224
-0.459579860621486,0.443273105087324,0.587785252292543,32.1610615771422
-0.525174629961296,0.442242729657773,-0.951056516295139,32.1614332846493
-0.587785252292472,0.441221474770753,-1.21518897375217E-13,32.161803398875
-0.647055961569443,0.440209501694248,0.951056516295179,32.1621719161665
-0.70264996979885,0.439206970230539,-0.587785252292438,32.1625388328866
-0.754251380736103,0.438214038690967,-0.587785252292569,32.1629041454141
-0.801566984870875,0.43723086387093,0.951056516295129,32.1632678501434
-0.844327925502013,0.436257601025131,1.53860702390568E-13,32.163629943485
-0.882291226434953,0.435294403843056,-0.951056516295154,32.1639904218651
-0.915241172620917,0.434341424424704,0.587785252292412,32.1643492817259
-0.942990535892865,0.433398813256575,0.587785252292503,32.1647065195257
-0.965381638833274,0.432466719187898,-0.951056516295119,32.1650621317386
-0.982287250728688,0.431545289407131,-7.25156696843032E-14,32.1654161148549
-0.993611310520008,0.43063466941872,0.951056516295199,32.1657684653809
-0.999289472640589,0.429735003020115,-0.587785252292478,32.1661191798392
-0.999289472640589,0.428846432279071,-0.587785252292529,32.1664682547681
-0.993611310520008,0.427969097511209,0.951056516295144,32.1668156867226
-0.982287250728689,0.427103137257859,1.04857474699654E-13,32.1671614722737
-0.965381638833274,0.426248688264183,-0.951056516295174,32.1675056080084
-0.942990535892865,0.425405885457582,0.587785252292451,32.1678480905305
-0.915241172620918,0.42457486192639,0.587785252292463,32.1681889164596
-0.882291226434954,0.423755748898855,-0.951056516295134,32.1685280824321
-0.844327925502014,0.422948675722421,-2.35124419933896E-14,32.1688655851004
-0.801566984870877,0.422153769843298,0.951056516295184,32.1692014211336
-0.754251380736105,0.421371156786338,-0.587785252292425,32.169535587217
-0.702649969798851,0.420600960135216,-0.587785252292489,32.1698680800527
-0.647055961569444,0.419843301512912,0.951056516295159,32.1701988963589
-0.587785252292474,0.419098300562505,5.58542470087409E-14,32.1705280328708
-0.525174629961297,0.418366074928282,-0.951056516295194,32.1708554863399
-0.459579860621488,0.417646740237157,0.587785252292399,32.1711812535342
-0.391373666837203,0.416940410080419,0.587785252292516,32.1715053312387
-0.320943609807211,0.416247195995786,-0.951056516295149,32.1718277162549
-0.248689887164858,0.415567207449799,-8.81960520240921E-14,32.1721484054008
-0.175023058975277,0.414900551820531,0.951056516295169,32.1724673955115
-0.100361714851217,0.414247334380635,-0.587785252292373,32.1727846834386
-0.0251300954433369,0.413607658280716,-0.587785252292542,32.1731002660506
0.050244318179769,0.412981624533047,0.951056516295139,32.1734141402329
0.125333233564303,0.412369331995614,6.85101931782728E-15,32.1737263028876
0.199709980514404,0.411770877356505,-0.951056516295179,32.1740367509339
0.272951935517325,0.411186355118646,0.587785252292439,32.1743454813077
0.344642923174516,0.410615857584874,0.587785252292568,32.174652490962
0.414375580993285,0.410059474843363,-0.951056516295129,32.1749577768667
0.481753674101715,0.409517294753398,-3.91928243331785E-14,32.1752613360088
0.546394346734268,0.4089894029315,0.951056516295154,32.1755631653922
0.607930297694603,0.408475882737908,-0.587785252292413,32.1758632620381
0.666011867434252,0.407976815263413,-0.587785252292502,32.1761616229846
0.720309024887906,0.407492279316554,0.951056516295119,32.176458245287
0.77051324277579,0.407022351411175,7.15346293485297E-14,32.1767531260177
0.816339250717184,0.406567105754339,-0.951056516295164,32.1770462622665
0.857526656193652,0.406126614234613,0.587785252292478,32.1773376511401
0.893841424151263,0.405700946410714,0.587785252292528,32.1776272897627
0.925077206834458,0.405290169500526,-0.951056516295145,32.1779151752757
0.951056516295153,0.404894348370485,-1.03876434363881E-13,32.1782013048377
0.971631732914673,0.404513545525336,0.951056516295174,32.1784856756247
0.986685944207868,0.404147821098262,-0.587785252292452,32.1787682848303
0.996133609143172,0.403797232841391,-0.587785252292555,32.179049129665
0.999921044203816,0.403461836116673,0.951056516295135,32.179328207357
0.998026728428272,0.403141683887137,1.36218239379232E-13,32.1796055151521
0.990461425696651,0.402836826708533,-0.951056516295184,32.1798810503133
0.977268123568194,0.402547312721342,0.587785252292426,32.1801548101211
0.958521789017376,0.402273187643181,0.587785252292489,32.1804267918736
0.934328942456612,0.402014494761575,-0.951056516295125,32.1806969928866
0.90482705246602,0.401771274927131,-5.48732066729674E-14,32.1809654104932
0.870183754669527,0.401543566547079,0.951056516295194,32.1812320420443
0.830595899195813,0.401331405579213,-0.5877852522924,32.1814968849082
0.78628843213662,0.401134825526209,-0.587785252292515,32.1817599364712
0.737513117358173,0.400953857430335,0.95105651629515,32.182021194137
0.684547105928689,0.400788529868552,8.72150116883186E-14,32.1822806553271
0.627691361290702,0.400638868947999,-0.951056516295169,32.1825383174807
0.567268949126759,0.40050489830187,0.587785252292374,32.1827941780548
0.503623201635761,0.400386639085683,0.587785252292541,32.1830482345242
0.437115766650934,0.400284109973939,-0.95105651629514,32.1833004843814
0.368124552684677,0.400197327157173,-5.86997898205377E-15,32.1835509251368
0.297041581577035,0.400126304339398,0.951056516295179,32.1837995543187
0.224270760949382,0.400071052735941,-0.587785252292439,32.1840463694732
0.150225589120759,0.40003158107167,-0.587785252292567,32.1842913681643
0.0753268055279327,0.400007895579618,0.95105651629513,32.184534547974
1.10214571844014E-15,0.4,3.8211783997405E-14,32.1847759065023
-0.0753268055279305,0.400007895579618,-0.951056516295189,32.1850154413669
-0.150225589120757,0.40003158107167,0.587785252292413,32.1852531502038
-0.22427076094938,0.400071052735941,0.587785252292593,32.1854890306669
-0.297041581577033,0.400126304339398,-0.95105651629512,32.1857230804282
-0.368124552684675,0.400197327157173,-7.05535890127562E-14,32.1859552971776
-0.437115766650932,0.400284109973939,0.951056516295163,32.1861856786234
-0.503623201635759,0.400386639085683,-0.587785252292387,32.1864142224916
-0.567268949126757,0.40050489830187,-0.587785252292528,32.1866409265268
-0.6276913612907,0.400638868947999,0.95105651629511,32.1868657884913
-0.684547105928687,0.400788529868552,1.02895394028107E-13,32.187088806166
-0.737513117358172,0.400953857430335,-0.951056516295173,32.1873099773496
-0.786288432136619,0.401134825526209,0.587785252292453,32.1875292998594
-0.830595899195812,0.401331405579213,0.587785252292554,32.1877467715308
-0.870183754669526,0.401543566547079,-0.951056516295135,32.1879623902173
-0.904827052466019,0.401771274927131,-1.35237199043459E-13,32.1881761537908
-0.934328942456611,0.402014494761575,0.951056516295183,32.1883880601418
-0.958521789017375,0.402273187643181,-0.587785252292427,32.1885981071786
-0.977268123568193,0.402547312721342,-0.587785252292488,32.1888062928282
-0.990461425696651,0.402836826708533,0.951056516295125,32.189012615036
-0.998026728428272,0.403141683887137,5.38921663371938E-14,32.1892170717655
-0.999921044203816,0.403461836116673,-0.951056516295193,32.189419660999
-0.996133609143173,0.403797232841391,0.587785252292401,32.1896203807368
-0.986685944207868,0.404147821098262,0.587785252292514,32.1898192289981
-0.971631732914674,0.404513545525336,-0.95105651629515,32.1900162038202
-0.951056516295154,0.404894348370485,-8.62339713525451E-14,32.190211303259
-0.925077206834459,0.405290169500526,0.951056516295203,32.1904045253891
-0.893841424151265,0.405700946410714,-0.587785252292375,32.1905958683034
-0.857526656193653,0.406126614234613,-0.58778525229254,32.1907853301135
-0.816339250717185,0.406567105754339,0.95105651629514,32.1909729089493
-0.770513242775791,0.407022351411175,1.18575776367896E-13,32.1911586029597
-0.72030902488791,0.407492279316554,-0.951056516295213,32.1913424103118
-0.66601186743425,0.407976815263413,0.58778525229244,32.1915243291915
-0.607930297694605,0.408475882737908,0.587785252292566,32.1917043578035
-0.54639434673427,0.4089894029315,-0.95105651629513,32.1918824943708
-0.48175367410172,0.409517294753398,-1.50917581383248E-13,32.1920587371354
-0.414375580993284,0.410059474843363,0.951056516295153,32.1922330843578
-0.344642923174518,0.410615857584874,-0.587785252292414,32.1924055343172
-0.272951935517327,0.411186355118646,-0.587785252292592,32.1925760853117
-0.19970998051441,0.411770877356505,0.95105651629512,32.192744735658
-0.125333233564301,0.412369331995614,6.95725486769827E-14,32.1929114836916
-0.0502443181797712,0.412981624533047,-0.951056516295163,32.1930763277667
0.0251300954433347,0.413607658280716,0.587785252292388,32.1932392662563
0.100361714851211,0.414247334380635,0.587785252292619,32.1934002975525
0.175023058975278,0.414900551820531,-0.951056516295145,32.1935594200658
0.248689887164856,0.415567207449798,-1.01914353692334E-13,32.1937166322257
0.320943609807209,0.416247195995786,0.951056516295173,32.1938719324807
0.391373666837201,0.416940410080419,-0.587785252292362,32.194025319298
0.459579860621489,0.417646740237157,-0.587785252292461,32.1941767911637
0.525174629961296,0.418366074928282,0.951056516295135,32.1943263465829
0.587785252292469,0.419098300562505,1.34256158707685E-13,32.1944739840795
0.647055961569442,0.419843301512912,-0.951056516295183,32.1946197021964
0.702649969798844,0.420600960135216,0.587785252292336,32.1947634994954
0.754251380736105,0.421371156786338,0.587785252292487,32.1949053745573
0.801566984870875,0.422153769843298,-0.951056516295125,32.1950453259818
0.844327925502015,0.422948675722421,-1.66597963723036E-13,32.1951833523878
0.882291226434951,0.423755748898855,0.951056516295193,32.1953194524128
0.915241172620917,0.42457486192639,-0.587785252292401,32.1954536247136
0.942990535892865,0.425405885457582,-0.587785252292513,32.1955858679661
0.965381638833273,0.426248688264183,0.951056516295115,32.1957161808651
0.982287250728688,0.427103137257859,1.98939768738388E-13,32.1958445621243
0.993611310520009,0.427969097511209,-0.951056516295168,32.1959710104768
0.999289472640589,0.428846432279071,0.587785252292375,32.1960955246746
0.999289472640589,0.429735003020115,0.587785252292539,32.1962181034887
0.993611310520009,0.430634669418719,-0.951056516295105,32.1963387457093
0.982287250728688,0.431545289407131,-3.90789831050675E-15,32.1964574501457
0.965381638833274,0.432466719187898,0.951056516295178,32.1965742156265
0.942990535892864,0.433398813256575,-0.587785252292349,32.1966890409991
0.915241172620919,0.434341424424704,-0.587785252292566,32.1968019251302
0.882291226434954,0.435294403843056,0.95105651629513,32.1969128669058
0.844327925502015,0.436257601025131,3.6249703325858E-14,32.197021865231
0.801566984870879,0.43723086387093,-0.951056516295188,32.1971289190298
0.754251380736105,0.438214038690967,0.587785252292323,32.1972340272458
0.702649969798849,0.43920697023054,0.5877852522925,32.1973371888416
0.647055961569442,0.440209501694248,-0.95105651629512,32.197438402799
0.587785252292474,0.441221474770753,-6.85915083412092E-14,32.197537668119
0.525174629961301,0.442242729657773,0.951056516295198,32.1976349838221
0.459579860621491,0.443273105087324,-0.587785252292297,32.1977303489476
0.391373666837204,0.444312438351181,-0.587785252292526,32.1978237625544
0.320943609807208,0.445360565326573,0.95105651629511,32.1979152237205
0.248689887164858,0.4464173205021,1.0093331335656E-13,32.1980047315433
0.175023058975277,0.44748253700387,-0.951056516295208,32.1980922851393
0.100361714851214,0.448556046621849,0.587785252292455,32.1981778836445
0.0251300954433408,0.449637679836424,0.587785252292552,32.1982615262139
-0.0502443181797686,0.450727265845171,-0.9510565162951,32.1983432120221
-0.125333233564299,0.451824632589828,-1.33275118371912E-13,32.1984229402629
-0.199709980514411,0.452929606783467,0.951056516295183,32.1985007101494
-0.272951935517324,0.454042013937851,-0.587785252292428,32.198576520914
-0.344642923174512,0.455161678390997,-0.587785252292578,32.1986503718085
-0.414375580993281,0.456288423334907,0.95105651629509,32.198722262104
-0.481753674101715,0.457422070843493,5.19300856656468E-14,32.198792191091
-0.546394346734271,0.458562441900672,-0.951056516295193,32.1988601580794
-0.607930297694603,0.459709356428634,0.587785252292402,32.1989261623983
-0.666011867434251,0.46086263331628,0.587785252292604,32.1989902033963
-0.720309024887908,0.46202209044782,-0.951056516295151,32.1990522804413
-0.770513242775787,0.463187544731532,-8.42718906809981E-14,32.1991123929206
-0.816339250717184,0.464358812128675,0.951056516295203,32.199170540241
-0.85752665619365,0.465535707682548,-0.587785252292376,32.1992267218286
-0.893841424151266,0.466718045547701,-0.587785252292447,32.1992809371289
-0.925077206834458,0.467905639019279,0.951056516295141,32.1993331856068
-0.951056516295154,0.469098300562505,1.16613695696349E-13,32.1993834667466
-0.971631732914673,0.470295841842297,-0.951056516295213,32.1994317800521
-0.986685944207867,0.471498073753002,0.58778525229235,32.1994781250465
-0.996133609143173,0.472704806448268,0.587785252292473,32.1995225012722
-0.999921044203816,0.47391584937101,-0.951056516295131,32.1995649082915
-0.998026728428272,0.475131011283514,-1.489555007117E-13,32.1996053456857
-0.990461425696652,0.476350100297627,0.951056516295223,32.1996438130556
-0.977268123568194,0.477572923905062,-0.587785252292416,32.1996803100218
-0.958521789017376,0.478799289007795,-0.587785252292591,32.1997148362239
-0.934328942456614,0.480029001948559,0.951056516295121,32.1997473913212
-0.90482705246602,0.481261868541427,1.81297305727052E-13,32.1997779749924
-0.870183754669526,0.482497694102472,-0.951056516295162,32.1998065869356
-0.830595899195811,0.483736283480512,0.58778525229239,32.1998332268685
-0.78628843213662,0.484977441087924,0.587785252292617,32.1998578945281
-0.737513117358178,0.486220970931536,-0.951056516295111,32.199880589671
-0.684547105928687,0.48746667664357,1.37345647008291E-14,32.1999013120731
-0.627691361290702,0.488714361512652,0.951056516295172,32.1999200615301
-0.567268949126756,0.489963828514879,-0.587785252292363,32.1999368378567
-0.503623201635764,0.491214880344926,-0.587785252292643,32.1999516408874
-0.437115766650934,0.492467319447207,0.951056516295136,32.1999644704762
-0.368124552684677,0.493720948047069,1.86072403145221E-14,32.1999753264963
-0.297041581577039,0.494975568182023,-0.951056516295182,32.1999842088408
-0.224270760949383,0.496230981733007,0.587785252292337,32.1999911174218
-0.150225589120756,0.497486990455666,0.587785252292485,32.1999960521712
-0.0753268055279295,0.498743396011665,-0.951056516295126,32.1999990130404
-1.46952762458685E-15,0.5,-5.09490453298733E-14,32.2
0.0753268055279266,0.501256603988335,0.951056516295192,32.1999990130404
0.150225589120753,0.502513009544334,-0.587785252292311,32.1999960521712
0.22427076094938,0.503769018266993,-0.587785252292512,32.1999911174218
0.297041581577036,0.505024431817977,0.951056516295116,32.1999842088408
0.368124552684675,0.506279051952931,1.96977688066841E-13,32.1999753264963
0.437115766650932,0.507532680552793,-0.951056516295202,32.1999644704762
0.503623201635762,0.508785119655074,0.587785252292469,32.1999516408874
0.567268949126754,0.510036171485121,0.587785252292538,32.1999368378567
0.6276913612907,0.511285638487348,-0.951056516295106,32.1999200615301
0.684547105928685,0.51253332335643,-2.29319493082192E-13,32.1999013120731
0.737513117358176,0.513779029068464,0.951056516295177,32.199880589671
0.786288432136618,0.515022558912076,-0.587785252292443,32.1998578945281
0.830595899195809,0.516263716519488,-0.587785252292564,32.1998332268685
0.870183754669524,0.517502305897528,0.951056516295096,32.1998065869356
0.904827052466019,0.518738131458573,3.4287622654311E-14,32.1997779749924
0.934328942456613,0.519970998051441,-0.951056516295187,32.1997473913212
0.958521789017375,0.521200710992205,0.587785252292417,32.1997148362239
0.977268123568193,0.522427076094938,0.58778525229259,32.1996803100218
0.990461425696651,0.523649899702372,-0.951056516295156,32.1996438130556
0.998026728428271,0.524868988716485,-6.66294276696622E-14,32.1996053456857
0.999921044203816,0.52608415062899,0.951056516295197,32.1995649082915
0.996133609143173,0.527295193551732,-0.587785252292298,32.1995225012722
0.986685944207867,0.528501926246998,-0.587785252292524,32.1994781250465
0.971631732914674,0.529704158157703,0.951056516295146,32.1994317800521
0.951056516295155,0.530901699437495,9.89712326850134E-14,32.1993834667466
0.925077206834459,0.532094360980721,-0.951056516295207,32.1993331856068
0.893841424151267,0.533281954452299,0.587785252292272,32.1992809371289
0.857526656193651,0.534464292317452,0.587785252292551,32.1992267218286
0.816339250717185,0.535641187871325,-0.951056516295136,32.199170540241
0.770513242775789,0.536812455268468,-1.31313037700365E-13,32.1991123929206
0.72030902488791,0.53797790955218,0.951056516295217,32.1990522804413
0.666011867434253,0.53913736668372,-0.58778525229243,32.1989902033963
0.607930297694605,0.540290643571366,-0.587785252292577,32.1989261623983
0.546394346734273,0.541437558099328,0.951056516295126,32.1988601580794
0.481753674101717,0.542577929156507,1.63654842715716E-13,32.198792191091
0.414375580993284,0.543711576665093,-0.951056516295157,32.198722262104
0.344642923174515,0.544838321609003,0.587785252292404,32.1986503718085
0.272951935517327,0.545957986062149,0.587785252292603,32.198576520914
0.199709980514414,0.547070393216533,-0.951056516295116,32.1985007101494
0.125333233564302,0.548175367410172,-8.2309810009451E-14,32.1984229402629
0.0502443181797716,0.549272734154829,0.951056516295167,32.1983432120221
-0.0251300954433379,0.550362320163576,-0.587785252292378,32.1982615262139
-0.100361714851211,0.551443953378151,-0.587785252292629,32.1981778836445
-0.175023058975274,0.55251746299613,0.951056516295106,32.1980922851393
-0.248689887164855,0.5535826794979,9.64777303186226E-16,32.1980047315433
-0.320943609807206,0.554639434673427,-0.951056516295177,32.1979152237205
-0.391373666837201,0.555687561648819,0.587785252292352,32.1978237625544
-0.459579860621488,0.556726894912676,0.587785252292471,32.1977303489476
-0.525174629961298,0.557757270342227,-0.951056516295131,32.1976349838221
-0.587785252292472,0.558778525229247,-1.46993420040153E-13,32.197537668119
-0.647055961569439,0.559790498305752,0.951056516295222,32.197438402799
-0.702649969798846,0.56079302976946,-0.587785252292233,32.1973371888416
-0.754251380736103,0.561785961309033,-0.587785252292589,32.1972340272458
-0.801566984870877,0.56276913612907,0.951056516295086,32.1971289190298
-0.844327925502013,0.563742398974869,6.56483873338887E-14,32.197021865231
-0.882291226434953,0.564705596156944,-0.951056516295197,32.1969128669058
-0.915241172620918,0.565658575575296,0.587785252292483,32.1968019251302
-0.942990535892863,0.566601186743425,0.587785252292524,32.1966890409991
-0.965381638833274,0.567533280812102,-0.951056516295111,32.1965742156265
-0.982287250728688,0.568454710592869,-2.11677030070856E-13,32.1964574501457
-0.993611310520009,0.56936533058128,0.951056516295172,32.1963387457093
-0.999289472640589,0.570264996979885,-0.587785252292365,32.1962181034887
-0.999289472640589,0.571153567720929,-0.587785252292642,32.1960955246746
-0.993611310520009,0.572030902488791,0.951056516295066,32.1959710104768
-0.982287250728689,0.572896862742141,1.30331997364591E-13,32.1958445621243
-0.965381638833274,0.573751311735817,-0.951056516295217,32.1957161808651
-0.942990535892866,0.574594114542418,0.587785252292431,32.1955858679661
-0.915241172620918,0.57542513807361,0.587785252292576,32.1954536247136
-0.882291226434953,0.576244251101145,-0.951056516295162,32.1953194524128
-0.844327925502017,0.577051324277579,-4.89869646583263E-14,32.1951833523878
-0.801566984870877,0.577846230156702,0.951056516295192,32.1950453259818
-0.754251380736107,0.578628843213662,-0.587785252292313,32.1949053745573
-0.702649969798846,0.579399039864784,-0.58778525229251,32.1947634994954
-0.647055961569445,0.580156698487088,0.951056516295116,32.1946197021964
-0.587785252292472,0.580901699437495,1.95015607395294E-13,32.1944739840795
-0.525174629961298,0.581633925071718,-0.951056516295237,32.1943263465829
-0.459579860621495,0.582353259762843,0.587785252292378,32.1941767911637
-0.391373666837201,0.583059589919581,0.587785252292444,32.194025319298
-0.320943609807212,0.583752804004214,-0.951056516295142,32.1938719324807
-0.248689887164855,0.584432792550202,-1.13670574689029E-13,32.1937166322257
-0.175023058975281,0.585099448179469,0.951056516295212,32.1935594200658
-0.100361714851217,0.585752665619365,-0.587785252292444,32.1934002975525
-0.0251300954433376,0.586392341719284,-0.587785252292562,32.1932392662563
0.0502443181797647,0.587018375466953,0.951056516295096,32.1930763277667
0.125333233564302,0.587630668004386,2.59699217425996E-13,32.1929114836916
0.199709980514407,0.588229122643495,-0.951056516295187,32.192744735658
0.272951935517328,0.588813644881354,0.587785252292326,32.1925760853117
0.344642923174515,0.589384142415126,0.587785252292681,32.1924055343172
0.414375580993278,0.589940525156637,-0.951056516295122,32.1922330843578
0.481753674101717,0.590482705246602,4.90194907235009E-14,32.1920587371354
0.546394346734267,0.5910105970685,0.951056516295162,32.1918824943708
0.607930297694606,0.591524117262092,-0.587785252292392,32.1917043578035
0.666011867434248,0.592023184736587,-0.587785252292615,32.1915243291915
0.720309024887905,0.592507720683446,0.951056516295147,32.1913424103118
0.770513242775789,0.592977648588825,9.70091520134664E-14,32.1911586029597
0.816339250717181,0.593432894245661,-0.951056516295207,32.1909729089493
0.857526656193651,0.593873385765387,0.587785252292274,32.1907853301135
0.893841424151264,0.594299053589286,0.587785252292549,32.1905958683034
0.925077206834459,0.594709830499474,-0.951056516295102,32.1904045253891
0.951056516295153,0.595105651629515,-2.43037794750434E-13,32.190211303259
0.971631732914672,0.595486454474664,0.951056516295182,32.1900162038202
0.986685944207867,0.595852178901738,-0.58778525229234,32.1898192289981
0.996133609143172,0.596202767158609,-0.587785252292483,32.1896203807368
0.999921044203816,0.596538163883327,0.951056516295127,32.189419660999
0.998026728428272,0.596858316112863,1.61692762044169E-13,32.1892170717655
0.990461425696651,0.597163173291467,-0.951056516295227,32.189012615036
0.977268123568193,0.597452687278658,0.587785252292405,32.1888062928282
0.958521789017377,0.597726812356819,0.587785252292601,32.1885981071786
0.934328942456613,0.597985505238425,-0.951056516295082,32.1883880601418
0.904827052466022,0.598228725072869,-3.07721404781136E-13,32.1881761537908
0.870183754669524,0.598456433452921,0.951056516295201,32.1879623902173
0.830595899195813,0.598668594420787,-0.587785252292471,32.1877467715308
0.786288432136623,0.598865174473791,-0.587785252292535,32.1875292998594
0.737513117358176,0.599046142569665,0.951056516295107,32.1873099773496
0.68454710592869,0.599211470131448,-9.97303368360791E-16,32.187088806166
0.627691361290699,0.599361131052001,-0.951056516295176,32.1868657884913
0.567268949126759,0.59949510169813,0.587785252292353,32.1866409265268
0.503623201635762,0.599613360914317,0.587785252292654,32.1864142224916
0.437115766650932,0.599715890026061,-0.951056516295132,32.1861856786234
0.368124552684681,0.599802672842827,-1.45031339368606E-13,32.1859552971776
0.297041581577036,0.599873695660602,0.951056516295221,32.1857230804282
0.224270760949387,0.599928947264059,-0.587785252292235,32.1854890306669
0.150225589120753,0.59996841892833,-0.587785252292588,32.1852531502038
0.0753268055279334,0.599992104420382,0.951056516295157,32.1850154413669
5.38962320953407E-15,0.6,6.36863066623417E-14,32.1847759065023
-0.0753268055279298,0.599992104420382,-0.951056516295196,32.184534547974
-0.150225589120749,0.59996841892833,0.587785252292301,32.1842913681643
-0.224270760949383,0.599928947264059,0.587785252292522,32.1840463694732
-0.297041581577032,0.599873695660602,-0.951056516295112,32.1837995543187
-0.368124552684678,0.599802672842827,-2.09714949399309E-13,32.1835509251368
-0.437115766650928,0.599715890026061,0.951056516295241,32.1833004843814
-0.503623201635758,0.599613360914317,-0.587785252292367,32.1830482345242
-0.567268949126756,0.59949510169813,-0.58778525229264,32.1827941780548
-0.627691361290697,0.599361131052001,0.951056516295137,32.1825383174807
-0.684547105928687,0.599211470131448,1.28369916693044E-13,32.1822806553271
-0.737513117358174,0.599046142569665,-0.951056516295146,32.182021194137
-0.78628843213662,0.598865174473791,0.587785252292432,32.1817599364712
-0.830595899195811,0.598668594420787,0.587785252292574,32.1814968849082
-0.870183754669522,0.598456433452921,-0.951056516295092,32.1812320420443
-0.904827052466021,0.598228725072869,-4.70248839867793E-14,32.1809654104932
-0.934328942456611,0.597985505238425,0.951056516295191,32.1806969928866
-0.958521789017376,0.597726812356819,-0.587785252292314,32.1804267918736
-0.977268123568192,0.597452687278658,-0.587785252292692,32.1801548101211
-0.990461425696651,0.597163173291467,0.951056516295117,32.1798810503133
-0.998026728428272,0.596858316112863,1.93053526723747E-13,32.1796055151521
-0.999921044203816,0.596538163883327,-0.951056516295166,32.179328207357
-0.996133609143173,0.596202767158609,0.58778525229238,32.179049129665
-0.986685944207868,0.595852178901738,0.587785252292443,32.1787682848303
-0.971631732914673,0.595486454474664,-0.951056516295142,32.1784856756247
-0.951056516295154,0.595105651629515,-1.11708494017482E-13,32.1782013048377
-0.925077206834461,0.594709830499474,0.951056516295211,32.1779151752757
-0.893841424151266,0.594299053589286,-0.587785252292262,32.1776272897627
-0.857526656193653,0.593873385765388,-0.587785252292561,32.1773376511401
-0.816339250717184,0.593432894245661,0.951056516295097,32.1770462622665
-0.770513242775792,0.592977648588825,2.57737136754449E-13,32.1767531260177
-0.720309024887908,0.592507720683446,-0.951056516295186,32.176458245287
-0.666011867434251,0.592023184736587,0.587785252292328,32.1761616229846
-0.607930297694608,0.591524117262092,0.587785252292495,32.1758632620381
-0.54639434673427,0.5910105970685,-0.951056516295122,32.1755631653922
-0.481753674101721,0.590482705246602,-1.76392104048184E-13,32.1752613360088
-0.414375580993281,0.589940525156637,0.951056516295161,32.1749577768667
-0.344642923174518,0.589384142415126,-0.587785252292394,32.174652490962
-0.272951935517331,0.588813644881354,-0.587785252292613,32.1743454813077
-0.199709980514411,0.588229122643495,0.951056516295077,32.1740367509339
-0.125333233564305,0.587630668004386,9.50470713419194E-14,32.1737263028876
-0.0502443181797684,0.587018375466953,-0.951056516295206,32.1734141402329
0.025130095443334,0.586392341719284,0.587785252292275,32.1731002660506
0.100361714851214,0.585752665619365,0.587785252292547,32.1727846834386
0.175023058975277,0.585099448179469,-0.951056516295102,32.1724673955115
0.248689887164851,0.584432792550202,-1.37020386356546E-14,32.1721484054008
0.320943609807209,0.583752804004214,0.951056516295181,32.1718277162549
0.391373666837197,0.583059589919581,-0.587785252292341,32.1715053312387
0.459579860621491,0.582353259762843,-0.587785252292481,32.1711812535342
0.525174629961295,0.581633925071718,0.951056516295127,32.1708554863399
0.587785252292474,0.580901699437495,1.59730681372622E-13,32.1705280328708
0.647055961569442,0.580156698487088,-0.951056516295226,32.1701988963589
0.702649969798844,0.579399039864784,0.587785252292223,32.1698680800527
0.754251380736105,0.578628843213662,0.5877852522926,32.169535587217
0.801566984870875,0.577846230156702,-0.951056516295082,32.1692014211336
0.844327925502015,0.577051324277579,-7.8385648666357E-14,32.1688655851004
0.882291226434951,0.576244251101145,0.951056516295201,32.1685280824321
0.915241172620916,0.57542513807361,-0.587785252292473,32.1681889164596
0.942990535892864,0.574594114542418,-0.587785252292534,32.1678480905305
0.965381638833273,0.573751311735817,0.951056516295107,32.1675056080084
0.982287250728688,0.572896862742141,2.24414291403324E-13,32.1671614722737
0.993611310520008,0.572030902488791,-0.951056516295176,32.1668156867226
0.999289472640589,0.571153567720929,0.587785252292355,32.1664682547681
0.999289472640589,0.570264996979885,0.587785252292652,32.1661191798392
0.993611310520009,0.569365330581281,-0.951056516295062,32.1657684653809
0.982287250728688,0.568454710592869,-1.43069258697059E-13,32.1654161148549
0.965381638833275,0.567533280812103,0.951056516295221,32.1650621317386
0.942990535892865,0.566601186743425,-0.587785252292421,32.1647065195257
0.915241172620919,0.565658575575296,-0.587785252292586,32.1643492817259
0.882291226434954,0.564705596156944,0.951056516295158,32.1639904218651
0.844327925502015,0.563742398974869,6.17242259907946E-14,32.163629943485
0.801566984870879,0.56276913612907,-0.951056516295196,32.1632678501434
0.754251380736105,0.561785961309033,0.587785252292302,32.1629041454141
0.702649969798849,0.560793029769461,0.58778525229252,32.1625388328866
0.647055961569442,0.559790498305752,-0.951056516295112,32.1621719161665
0.587785252292475,0.558778525229247,-2.07752868727762E-13,32.161803398875
0.525174629961301,0.557757270342227,0.951056516295241,32.1614332846493
0.459579860621492,0.556726894912676,-0.587785252292368,32.1610615771422
0.391373666837204,0.555687561648819,-0.587785252292639,32.1606882800224
0.320943609807209,0.554639434673427,0.951056516295138,32.1603133969742
0.248689887164859,0.5535826794979,1.26407836021497E-13,32.1599369316974
0.175023058975278,0.55251746299613,-0.951056516295216,32.1595588879077
0.100361714851214,0.551443953378151,0.587785252292434,32.1591792693362
0.0251300954433415,0.550362320163576,0.587785252292573,32.1587980797296
-0.0502443181797679,0.549272734154829,-0.951056516295092,32.15841532285
-0.125333233564298,0.548175367410172,-2.72436478758464E-13,32.1580310024751
-0.19970998051441,0.547070393216533,0.951056516295191,32.1576451223981
-0.272951935517324,0.545957986062149,-0.587785252292316,32.1572576864273
-0.344642923174511,0.544838321609003,-0.587785252292691,32.1568686983867
-0.414375580993281,0.543711576665093,0.951056516295118,32.1564781621153
-0.481753674101714,0.542577929156507,1.910914460522E-13,32.1560860814677
-0.54639434673427,0.541437558099328,-0.951056516295165,32.1556924603134
-0.607930297694602,0.540290643571366,0.587785252292382,32.1552973025374
-0.666011867434251,0.53913736668372,0.587785252292625,32.1549006120397
-0.720309024887908,0.53797790955218,-0.951056516295143,32.1545023927356
-0.770513242775787,0.536812455268468,-1.09746413345935E-13,32.1541026485552
-0.816339250717183,0.535641187871325,0.951056516295211,32.1537013834438
-0.857526656193649,0.534464292317452,-0.587785252292264,32.1532986013619
-0.893841424151265,0.533281954452299,-0.587785252292559,32.1528943062846
-0.925077206834458,0.532094360980721,0.951056516295098,32.1524885022023
-0.951056516295152,0.530901699437495,2.55775056082902E-13,32.15208119312
-0.971631732914673,0.529704158157704,-0.951056516295185,32.1516723830577
-0.986685944207867,0.528501926246998,0.587785252292329,32.1512620760503
-0.996133609143173,0.527295193551733,0.587785252292493,32.1508502761472
-0.999921044203816,0.52608415062899,-0.951056516295123,32.1504369874128
-0.998026728428272,0.524868988716486,-1.74430023376637E-13,32.1500222139261
-0.990461425696652,0.523649899702373,0.951056516295231,32.1496059597807
-0.977268123568194,0.522427076094938,-0.587785252292395,32.1491882290848
-0.958521789017376,0.521200710992205,-0.587785252292612,32.1487690259614
-0.934328942456614,0.519970998051441,0.951056516295078,32.1483483545477
-0.904827052466021,0.518738131458573,3.20458666113604E-13,32.1479262189957
-0.870183754669526,0.517502305897528,-0.951056516295205,32.1475026234716
-0.830595899195812,0.516263716519488,0.587785252292277,32.1470775721562
-0.786288432136621,0.515022558912076,0.587785252292546,32.1466510692445
-0.737513117358179,0.513779029068464,-0.951056516295103,32.146223118946
-0.684547105928687,0.51253332335643,-1.17399579641075E-14,32.1457937254843
-0.627691361290702,0.511285638487348,0.95105651629518,32.1453628930974
-0.567268949126757,0.510036171485122,-0.587785252292343,32.1449306260374
-0.503623201635765,0.508785119655074,-0.587785252292664,32.1444969285707
-0.437115766650935,0.507532680552793,0.951056516295128,32.1440618049776
-0.368124552684678,0.506279051952931,1.57768600701075E-13,32.1436252595526
-0.297041581577039,0.505024431817977,-0.951056516295225,32.1431872966044
-0.224270760949383,0.503769018266993,0.587785252292225,32.1427479204553
-0.150225589120757,0.502513009544334,0.587785252292598,32.1423071354419
-0.0753268055279302,0.501256603988335,-0.951056516295083,32.1418649459145
-2.20429143688028E-15,0.5,-7.642356799481E-14,32.1414213562373
0.0753268055279258,0.498743396011665,0.9510565162952,32.1409763707885
0.150225589120753,0.497486990455666,-0.587785252292291,32.1405299939598
0.224270760949379,0.496230981733007,-0.587785252292532,32.1400822301568
0.297041581577035,0.494975568182023,0.951056516295108,32.1396330837987
0.368124552684674,0.493720948047069,2.22452210731777E-13,32.1391825593185
0.437115766650931,0.492467319447207,-0.951056516295245,32.1387306611626
0.503623201635761,0.491214880344926,0.587785252292356,32.138277393791
0.567268949126753,0.489963828514878,0.58778525229265,32.1378227616775
0.627691361290699,0.488714361512652,-0.951056516295063,32.1373667693089
0.684547105928684,0.48746667664357,-1.41107178025512E-13,32.1369094211857
0.737513117358176,0.486220970931536,0.95105651629522,32.1364507218219
0.786288432136618,0.484977441087924,-0.587785252292422,32.1359906757445
0.830595899195809,0.483736283480512,-0.587785252292585,32.135529287494
0.870183754669524,0.482497694102472,0.951056516295088,32.1350665616242
0.904827052466019,0.481261868541427,5.97621453192476E-14,32.134602502702
0.934328942456612,0.480029001948559,-0.951056516295195,32.1341371153073
0.958521789017375,0.478799289007795,0.587785252292304,32.1336704040336
0.977268123568193,0.477572923905062,0.587785252292703,32.1332023734869
0.990461425696651,0.476350100297627,-0.951056516295113,32.1327330282865
0.998026728428271,0.475131011283515,-2.05790788056215E-13,32.1322623730647
0.999921044203816,0.47391584937101,0.95105651629524,32.1317904124667
0.996133609143173,0.472704806448267,-0.58778525229237,32.1313171511506
0.986685944207867,0.471498073753002,-0.587785252292453,32.1308425937872
0.971631732914674,0.470295841842296,0.951056516295138,32.1303667450602
0.951056516295153,0.469098300562505,1.2444575534995E-13,32.129889609666
0.925077206834459,0.467905639019279,-0.951056516295215,32.1294111923139
0.893841424151267,0.466718045547701,0.587785252292252,32.1289314977255
0.857526656193652,0.465535707682548,0.587785252292571,32.1284505306353
0.816339250717186,0.464358812128675,-0.951056516295093,32.1279682957902
0.77051324277579,0.463187544731532,-2.70474398086917E-13,32.1274847979497
0.720309024887911,0.46202209044782,0.95105651629526,32.1270000418858
0.666011867434254,0.46086263331628,-0.587785252292317,32.1265140323826
0.607930297694606,0.459709356428634,-0.587785252292689,32.1260267742371
0.546394346734274,0.458562441900672,0.951056516295118,32.1255382722581
0.481753674101718,0.457422070843493,1.89129365380653E-13,32.1250485312671
0.414375580993285,0.456288423334907,-0.951056516295165,32.1245575560976
0.344642923174515,0.455161678390997,0.587785252292383,32.1240653515953
0.272951935517328,0.454042013937851,0.587785252292623,32.1235719226181
0.199709980514414,0.452929606783467,-0.951056516295073,32.1230772740358
0.125333233564302,0.451824632589828,-1.07784332674388E-13,32.1225814107306
0.0502443181797723,0.450727265845171,0.95105651629521,32.1220843375963
-0.0251300954433371,0.449637679836424,-0.587785252292265,32.1215860595389
-0.10036171485121,0.448556046621849,-0.587785252292742,32.1210865814762
-0.175023058975273,0.44748253700387,0.951056516295098,32.1205859083378
-0.248689887164855,0.4464173205021,2.64392999681229E-14,32.1200840450652
-0.320943609807205,0.445360565326573,-0.951056516295185,32.1195809966115
-0.3913736668372,0.444312438351181,0.587785252292331,32.1190767679417
-0.459579860621488,0.443273105087324,0.587785252292492,32.1185713640322
-0.525174629961298,0.442242729657773,-0.951056516295123,32.1180647898713
-0.587785252292471,0.441221474770753,-1.7246794270509E-13,32.1175570504585
-0.647055961569439,0.440209501694248,0.95105651629523,32.1170481508051
-0.702649969798846,0.439206970230539,-0.587785252292213,32.1165380959337
-0.754251380736098,0.438214038690967,-0.587785252292794,32.1160268908784
-0.801566984870872,0.43723086387093,0.951056516295078,32.1155145406845
-0.844327925502017,0.436257601025131,9.11229099988253E-14,32.1150010504087
-0.882291226434952,0.435294403843056,-0.951056516295205,32.1144864251189
-0.915241172620918,0.434341424424704,0.587785252292462,32.1139706698944
-0.942990535892863,0.433398813256575,0.587785252292544,32.1134537898253
-0.965381638833273,0.432466719187898,-0.951056516295103,32.1129357900132
-0.982287250728687,0.431545289407131,-2.37151552735793E-13,32.1124166755704
-0.993611310520008,0.43063466941872,0.95105651629525,32.1118964516204
-0.999289472640589,0.429735003020115,-0.58778525229216,32.1113751232976
-0.999289472640589,0.428846432279071,-0.587785252292478,32.1108526957473
-0.993611310520008,0.427969097511209,0.951056516295129,32.1103291741257
-0.982287250728689,0.427103137257859,1.55806520029528E-13,32.1098045635996
-0.965381638833274,0.426248688264183,-0.951056516295225,32.1092788693469
-0.942990535892866,0.425405885457582,0.58778525229241,32.1087520965558
-0.915241172620918,0.42457486192639,0.587785252292596,32.1082242504254
-0.882291226434956,0.423755748898855,-0.951056516295083,32.1076953361653
-0.844327925502021,0.422948675722421,-3.01835162766495E-13,32.1071653589958
-0.801566984870873,0.422153769843298,0.951056516295129,32.1066343241474
-0.754251380736103,0.421371156786338,-0.587785252292476,32.1061022368613
-0.702649969798847,0.420600960135217,-0.587785252292531,32.105569102389
-0.647055961569445,0.419843301512912,0.951056516295109,32.1050349259923
-0.587785252292478,0.419098300562505,2.2049013006023E-13,32.1044997129432
-0.525174629961299,0.418366074928282,-0.951056516295245,32.1039634685241
-0.459579860621495,0.417646740237157,0.587785252292174,32.1034261980276
-0.391373666837208,0.416940410080419,0.587785252292649,32.1028879067563
-0.320943609807219,0.416247195995786,-0.951056516295063,32.1023486000229
-0.248689887164849,0.415567207449798,-1.39145097353965E-13,32.1018082831501
-0.175023058975275,0.414900551820531,0.951056516295149,32.1012669614706
-0.100361714851218,0.414247334380635,-0.587785252292424,32.1007246403272
-0.0251300954433384,0.413607658280716,-0.587785252292583,32.1001813250721
0.050244318179764,0.412981624533047,0.951056516295088,32.0996370210679
0.125333233564301,0.412369331995614,2.85173740090933E-13,32.0990917336865
0.199709980514399,0.411770877356505,-0.951056516295265,32.0985454683097
0.27295193551732,0.411186355118646,0.587785252292122,32.0979982303288
0.344642923174521,0.410615857584874,0.587785252292517,32.0974500251451
0.414375580993284,0.410059474843363,-0.951056516295114,32.0969008581689
0.481753674101717,0.409517294753398,-2.03828707384668E-13,32.0963507348203
0.546394346734267,0.4089894029315,0.951056516295169,32.095799660529
0.607930297694605,0.408475882737908,-0.587785252292371,32.0952476407336
0.666011867434248,0.407976815263413,-0.587785252292635,32.0946946808825
0.720309024887905,0.407492279316554,0.951056516295068,32.0941407864331
0.770513242775784,0.407022351411175,3.49857350121635E-13,32.0935859628521
0.816339250717185,0.406567105754339,-0.951056516295144,32.0930302156155
0.857526656193655,0.406126614234613,0.587785252292437,32.0924735502082
0.893841424151264,0.405700946410714,0.58778525229257,32.0919159721243
0.925077206834456,0.405290169500526,-0.951056516295094,32.0913574868669
0.951056516295151,0.404894348370485,-2.6851231741537E-13,32.0907980999479
0.971631732914674,0.404513545525336,0.951056516295189,32.0902378168884
0.986685944207867,0.404147821098262,-0.587785252292319,32.089676643218
0.996133609143172,0.403797232841391,-0.587785252292688,32.0891145844754
0.999921044203816,0.403461836116673,0.951056516295049,32.0885516462078
0.998026728428271,0.403141683887137,-4.02063907341266E-14,32.0879878339712
0.990461425696651,0.402836826708533,-0.951056516295164,32.0874231533302
0.977268123568193,0.402547312721342,0.587785252292385,32.086857609858
0.958521789017377,0.402273187643181,0.587785252292622,32.0862912091362
0.934328942456615,0.402014494761575,-0.951056516295074,32.085723956755
0.904827052466019,0.401771274927131,-3.33195927446073E-13,32.085155858313
0.870183754669528,0.40154356654708,0.951056516295209,32.0845869194171
0.830595899195818,0.401331405579213,-0.587785252292267,32.0840171456824
0.786288432136619,0.401134825526209,-0.587785252292556,32.0834465427324
0.737513117358177,0.400953857430335,0.951056516295099,32.0828751161987
0.684547105928685,0.400788529868552,2.44772192965759E-14,32.082302871721
0.6276913612907,0.400638868947999,-0.951056516295184,32.0817298149473
0.56726894912676,0.40050489830187,0.587785252292332,32.0811559515332
0.503623201635768,0.400386639085683,0.587785252292674,32.0805812871427
0.437115766650932,0.400284109973939,-0.951056516295054,32.0800058274475
0.368124552684682,0.400197327157173,-3.97879537476775E-13,32.079429578127
0.29704158157703,0.400126304339398,0.951056516295159,32.0788525448686
0.22427076094938,0.400071052735941,-0.587785252292398,32.0782747333674
0.150225589120761,0.40003158107167,-0.587785252292608,32.0776961493263
0.0753268055279271,0.400007895579618,0.951056516295079,32.0771167984555
-9.81040335773509E-16,0.4,8.91608293272783E-14,32.076536686473
-0.075326805527929,0.400007895579618,-0.951056516295204,32.0759558191044
-0.150225589120749,0.40003158107167,0.58778525229228,32.0753742020824
-0.224270760949368,0.400071052735941,0.587785252292726,32.0747918411476
-0.297041581577031,0.400126304339398,-0.951056516295034,32.0742087420474
-0.368124552684683,0.400197327157173,-7.8157966210135E-15,32.0736249105369
-0.437115766650934,0.400284109973939,0.951056516295179,32.0730403523783
-0.503623201635758,0.400386639085683,-0.587785252292346,32.0724550733409
-0.56726894912675,0.40050489830187,-0.587785252292661,32.0718690792012
-0.627691361290702,0.400638868947999,0.951056516295059,32.0712823757426
-0.684547105928686,0.400788529868552,1.53844439357981E-13,32.0706949687559
-0.737513117358168,0.400953857430335,-0.951056516295224,32.0701068640383
-0.786288432136611,0.401134825526209,0.587785252292228,32.0695180673942
-0.830595899195811,0.401331405579213,0.587785252292595,32.0689285846349
-0.870183754669529,0.401543566547079,-0.951056516295154,32.0683384215783
-0.90482705246602,0.401771274927131,-7.24994066517159E-14,32.0677475840491
-0.934328942456611,0.402014494761575,0.951056516295199,32.0671560778785
-0.958521789017374,0.402273187643181,-0.587785252292294,32.0665639089046
-0.977268123568194,0.402547312721342,-0.587785252292713,32.0659710829718
-0.990461425696651,0.402836826708533,0.951056516295039,32.065377605931
-0.998026728428271,0.403141683887137,2.18528049388683E-13,32.0647834836396
-0.999921044203816,0.403461836116673,-0.951056516295174,32.0641887219614
-0.996133609143173,0.403797232841391,0.587785252292359,32.0635933267665
-0.986685944207867,0.404147821098262,0.587785252292647,32.0629973039311
-0.971631732914673,0.404513545525336,-0.951056516295134,32.0624006593377
-0.951056516295154,0.404894348370485,-1.37183016682418E-13,32.061803398875
-0.925077206834461,0.405290169500526,0.951056516295219,32.0612055284377
-0.893841424151269,0.405700946410714,-0.587785252292241,32.0606070539266
-0.857526656193654,0.406126614234613,-0.587785252292765,32.0600079812483
-0.816339250717188,0.406567105754339,0.951056516295019,32.0594083163154
-0.770513242775788,0.407022351411175,5.58379839761536E-14,32.0588080650465
-0.720309024887908,0.407492279316554,-0.951056516295194,32.0582072333657
-0.666011867434257,0.407976815263413,0.587785252292307,32.057605827203
-0.607930297694603,0.408475882737908,0.5877852522927,32.057003852494
-0.546394346734271,0.4089894029315,-0.951056516295114,32.05640131518
-0.481753674101721,0.409517294753398,-2.01866626713121E-13,32.0557982212078
-0.414375580993295,0.410059474843363,0.951056516295239,32.0551945765298
-0.344642923174519,0.410615857584874,-0.587785252292189,32.0545903871035
-0.272951935517318,0.411186355118646,-0.58778525229245,32.0539856588921
-0.199709980514404,0.411770877356505,0.951056516295139,32.0533803978641
-0.125333233564306,0.412369331995614,1.20521594006856E-13,32.0527746099931
-0.0502443181797762,0.412981624533047,-0.951056516295214,32.052168301258
0.0251300954433403,0.413607658280716,0.587785252292255,32.0515614776428
0.100361714851213,0.414247334380635,0.587785252292752,32.0509541451367
0.17502305897527,0.414900551820531,-0.951056516295094,32.0503463097337
0.248689887164844,0.415567207449798,-2.66550236743823E-13,32.049737977433
0.320943609807208,0.416247195995786,0.951056516295189,32.0491291542385
0.39137366683721,0.416940410080419,-0.587785252292321,32.0485198461591
0.459579860621491,0.417646740237157,-0.587785252292502,32.0479100592084
0.525174629961294,0.418366074928282,0.951056516295119,32.0472997994047
0.587785252292468,0.419098300562505,1.85205204037558E-13,32.0466890727712
0.647055961569436,0.419843301512912,-0.951056516295234,32.0460778853353
0.702649969798848,0.420600960135216,0.587785252292202,32.0454662431293
0.7542513807361,0.421371156786338,0.587785252292804,32.0448541521899
0.80156698487087,0.422153769843298,-0.951056516295074,32.044241618558
0.844327925502014,0.422948675722421,-1.03860171331294E-13,32.0436286482793
0.882291226434951,0.423755748898855,0.951056516295209,32.0430152474034
0.915241172620919,0.42457486192639,-0.587785252292268,32.0424014219844
0.942990535892864,0.425405885457582,-0.587785252292554,32.0417871780805
0.965381638833272,0.426248688264183,0.951056516295099,32.041172521754
0.982287250728687,0.427103137257859,2.49888814068261E-13,32.0405574590713
0.993611310520008,0.427969097511209,-0.951056516295254,32.0399419961029
0.999289472640589,0.428846432279071,0.58778525229215,32.0393261389231
0.999289472640589,0.429735003020115,0.587785252292489,32.0387098936102
0.993611310520009,0.43063466941872,-0.951056516295125,32.0380932662462
0.98228725072869,0.431545289407131,-1.68543781361996E-13,32.0374762629171
0.965381638833273,0.432466719187898,0.951056516295229,32.0368588897125
0.942990535892865,0.433398813256575,-0.587785252292216,32.0362411527254
0.91524117262092,0.434341424424704,-0.587785252292607,32.0356230580528
0.882291226434958,0.435294403843056,0.951056516295079,32.0350046117951
0.844327925502023,0.436257601025131,3.14572424098963E-13,32.0343858200559
0.801566984870871,0.43723086387093,-0.951056516295133,32.0337666889425
0.754251380736101,0.438214038690967,0.587785252292466,32.0331472245656
0.70264996979885,0.439206970230539,0.587785252292541,32.032527433039
0.647055961569448,0.440209501694248,-0.951056516295105,32.0319073204797
0.58778525229247,0.441221474770753,-2.33227391392699E-13,32.031286893008
0.525174629961296,0.442242729657773,0.951056516295249,32.0306661567474
0.459579860621492,0.443273105087324,-0.587785252292164,32.0300451178242
0.391373666837211,0.444312438351181,-0.587785252292659,32.0294237823677
0.320943609807223,0.445360565326573,0.951056516295059,32.0288021565105
0.248689887164846,0.4464173205021,1.51882358686434E-13,32.0281802463875
0.175023058975272,0.44748253700387,-0.951056516295153,32.0275580581369
0.100361714851215,0.448556046621849,0.587785252292413,32.0269355978994
0.0251300954433423,0.449637679836424,0.587785252292593,32.0263128718185
-0.0502443181797601,0.450727265845171,-0.951056516295085,32.0256898860401
-0.125333233564304,0.451824632589828,-2.97911001423401E-13,32.0250666467129
-0.199709980514402,0.452929606783467,0.951056516295269,32.024443159988
-0.272951935517316,0.454042013937851,-0.587785252292111,32.023819432019
-0.344642923174517,0.455161678390997,-0.587785252292528,32.0231954689618
-0.41437558099328,0.456288423334907,0.95105651629511,32.0225712769747
-0.48175367410172,0.457422070843493,2.16565968717136E-13,32.0219468622182
-0.546394346734269,0.458562441900672,-0.951056516295244,32.021322230855
-0.607930297694602,0.459709356428634,0.587785252292361,32.0206973890501
-0.666011867434245,0.46086263331628,0.587785252292646,32.0200723429702
-0.720309024887907,0.46202209044782,-0.951056516295065,32.0194470987845
-0.770513242775786,0.463187544731532,-3.62594611454103E-13,32.0188216626637
-0.816339250717187,0.464358812128675,0.951056516295148,32.0181960407807
-0.857526656193653,0.465535707682548,-0.587785252292427,32.0175702393101
-0.893841424151262,0.466718045547701,-0.58778525229258,32.0169442644284
-0.92507720683446,0.467905639019279,0.95105651629509,32.0163181223136
-0.951056516295154,0.469098300562505,2.81249578747839E-13,32.0156918191456
-0.971631732914673,0.470295841842296,-0.951056516295264,32.0150653611056
-0.986685944207867,0.471498073753002,0.587785252292309,32.0144387543766
-0.996133609143171,0.472704806448267,0.587785252292698,32.0138120051429
-0.999921044203816,0.47391584937101,-0.951056516295045,32.0131851195903
-0.998026728428271,0.475131011283515,2.74691294016582E-14,32.0125581039059
-0.990461425696651,0.476350100297628,0.951056516295168,32.011930964278
-0.977268123568194,0.477572923905062,-0.587785252292375,32.0113037068964
-0.958521789017378,0.478799289007795,-0.587785252292632,32.0106763379518
-0.934328942456612,0.480029001948559,0.95105651629507,32.010048863636
-0.904827052466021,0.481261868541427,3.45933188778541E-13,32.0094212901419
-0.87018375466953,0.482497694102472,-0.951056516295284,32.0087936236636
-0.83059589919582,0.483736283480512,0.587785252292256,32.0081658703957
-0.786288432136621,0.484977441087924,0.587785252292566,32.007538036534
-0.73751311735817,0.486220970931536,-0.951056516295095,32.0069101282749
-0.684547105928688,0.48746667664357,-3.72144806290442E-14,32.0062821518156
-0.627691361290703,0.488714361512652,0.951056516295188,32.0056541133541
-0.567268949126763,0.489963828514878,-0.587785252292322,32.0050260190887
-0.50362320163576,0.491214880344926,-0.587785252292685,32.0043978752185
-0.437115766650936,0.492467319447207,0.95105651629505,32.0037696879431
-0.368124552684685,0.493720948047068,4.10616798809244E-13,32.0031414634624
-0.297041581577033,0.494975568182023,-0.951056516295163,32.0025132079767
-0.224270760949384,0.496230981733007,0.587785252292388,32.0018849276866
-0.150225589120751,0.497486990455666,0.587785252292619,32.0012566287931
-0.075326805527931,0.498743396011665,-0.951056516295075,32.0006283174972
-2.93905524917371E-15,0.5,-1.01898090659747E-13,32
0.0753268055279251,0.501256603988335,0.951056516295208,31.9993716825028
0.150225589120745,0.502513009544334,-0.58778525229227,31.9987433712069
0.224270760949378,0.503769018266993,-0.587785252292737,31.9981150723134
0.297041581577028,0.505024431817977,0.95105651629503,31.9974867920233
0.36812455268468,0.506279051952931,2.05530579534818E-14,31.9968585365376
0.43711576665093,0.507532680552793,-0.951056516295183,31.9962303120569
0.503623201635754,0.508785119655074,0.587785252292336,31.9956021247815
0.567268949126758,0.510036171485121,0.587785252292671,31.9949739809113
0.627691361290698,0.511285638487348,-0.951056516295055,31.9943458866459
0.684547105928683,0.51253332335643,-3.93955376133681E-13,31.9937178481844
0.737513117358166,0.513779029068464,0.951056516295228,31.9930898717251
0.786288432136617,0.515022558912076,-0.587785252292218,31.992461963466
0.830595899195817,0.516263716519488,-0.587785252292605,31.9918341296043
0.870183754669527,0.517502305897528,0.95105651629515,31.9912063763364
0.904827052466019,0.518738131458573,8.52366679841843E-14,31.9905787098581
0.93432894245661,0.519970998051441,-0.951056516295203,31.989951136364
0.958521789017377,0.521200710992205,0.587785252292283,31.9893236620482
0.977268123568193,0.522427076094938,0.587785252292723,31.9886962931036
0.99046142569665,0.523649899702372,-0.951056516295035,31.988069035722
0.998026728428271,0.524868988716485,-4.58638986164384E-13,31.9874418960941
0.999921044203816,0.52608415062899,0.951056516295178,31.9868148804097
0.996133609143172,0.527295193551732,-0.587785252292349,31.9861879948571
0.986685944207868,0.528501926246998,-0.587785252292658,31.9855612456234
0.971631732914674,0.529704158157704,0.95105651629513,31.9849346388944
0.951056516295156,0.530901699437495,1.49920278014887E-13,31.9843081808544
0.925077206834462,0.532094360980721,-0.951056516295223,31.9836818776864
0.893841424151265,0.533281954452299,0.587785252292231,31.9830557355716
0.857526656193656,0.534464292317452,0.587785252292776,31.9824297606899
0.81633925071719,0.535641187871325,-0.951056516295015,31.9818039592193
0.77051324277579,0.536812455268468,-6.85752453086219E-14,31.9811783373363
0.720309024887911,0.53797790955218,0.951056516295198,31.9805529012155
0.666011867434249,0.53913736668372,-0.587785252292297,31.9799276570298
0.607930297694607,0.540290643571366,-0.58778525229271,31.9793026109499
0.546394346734274,0.541437558099328,0.95105651629511,31.9786777691449
0.481753674101725,0.542577929156507,2.14603888045589E-13,31.9780531377818
0.414375580993285,0.543711576665093,-0.951056516295243,31.9774287230253
0.344642923174523,0.544838321609003,0.587785252292179,31.9768045310382
0.272951935517322,0.545957986062149,0.58778525229246,31.976180567981
0.199709980514408,0.547070393216533,-0.951056516295135,31.975556840012
0.12533323356431,0.548175367410172,-1.33258855339324E-13,31.9749333532871
0.0502443181797659,0.549272734154829,0.951056516295218,31.9743101139599
-0.0251300954433364,0.550362320163576,-0.587785252292244,31.9736871281815
-0.100361714851209,0.551443953378151,-0.587785252292762,31.9730644021006
-0.175023058975266,0.552517462996129,0.95105651629502,31.9724419418631
-0.24868988716484,0.5535826794979,2.79287498076292E-13,31.9718197536125
-0.320943609807218,0.554639434673427,-0.951056516295193,31.9711978434895
-0.391373666837206,0.555687561648819,0.58778525229231,31.9705762176323
-0.459579860621487,0.556726894912676,0.587785252292512,31.9699548821758
-0.525174629961291,0.557757270342227,-0.951056516295115,31.9693338432526
-0.587785252292465,0.558778525229247,-1.97942465370027E-13,31.968713106992
-0.647055961569444,0.559790498305752,0.951056516295238,31.9680926795203
-0.702649969798845,0.560793029769461,-0.587785252292192,31.967472566961
-0.754251380736097,0.561785961309033,-0.587785252292815,31.9668527754344
-0.801566984870868,0.56276913612907,0.951056516295,31.9662333110575
-0.84432792550202,0.563742398974869,1.16597432663762E-13,31.9656141799441
-0.882291226434955,0.564705596156944,-0.951056516295213,31.9649953882049
-0.915241172620917,0.565658575575296,0.587785252292258,31.9643769419472
-0.942990535892863,0.566601186743425,0.587785252292565,31.9637588472746
-0.965381638833271,0.567533280812102,-0.951056516295095,31.9631411102875
-0.982287250728689,0.568454710592869,-2.62626075400729E-13,31.9625237370829
-0.993611310520008,0.56936533058128,0.951056516295258,31.9619067337538
-0.999289472640589,0.570264996979885,-0.58778525229214,31.9612901063898
-0.999289472640589,0.571153567720929,-0.587785252292499,31.9606738610769
-0.993611310520009,0.572030902488791,0.951056516295121,31.9600580038971
-0.982287250728688,0.572896862742141,1.81281042694464E-13,31.9594425409287
-0.965381638833274,0.573751311735817,-0.951056516295233,31.958827478246
-0.942990535892866,0.574594114542418,0.587785252292206,31.9582128219195
-0.915241172620921,0.57542513807361,0.587785252292617,31.9575985780156
-0.882291226434953,0.576244251101145,-0.951056516295075,31.9569847525966
-0.844327925502018,0.577051324277579,-3.27309685431432E-13,31.9563713517207
-0.801566984870874,0.577846230156702,0.951056516295207,31.9557583814419
-0.754251380736104,0.578628843213662,-0.587785252292455,31.9551458478101
-0.702649969798852,0.579399039864783,-0.587785252292551,31.9545337568707
-0.64705596156944,0.580156698487088,0.951056516295101,31.9539221146647
-0.587785252292473,0.580901699437495,2.45964652725167E-13,31.9533109272288
-0.525174629961299,0.581633925071718,-0.951056516295253,31.9527002005953
-0.459579860621496,0.582353259762843,0.587785252292153,31.9520899407916
-0.391373666837215,0.583059589919581,0.587785252292669,31.9514801538409
-0.320943609807213,0.583752804004214,-0.951056516295055,31.9508708457615
-0.24868988716485,0.584432792550202,-1.64619620018902E-13,31.950262022567
-0.175023058975275,0.585099448179469,0.951056516295227,31.9496536902663
-0.100361714851219,0.585752665619365,-0.587785252292403,31.9490458548633
-0.0251300954433462,0.586392341719284,-0.587785252292604,31.9484385223572
0.0502443181797703,0.587018375466953,0.951056516295081,31.947831698742
0.1253332335643,0.587630668004386,3.10648262755869E-13,31.9472253900069
0.199709980514399,0.588229122643495,-0.951056516295273,31.9466196021359
0.272951935517312,0.588813644881354,0.587785252292285,31.9460143411079
0.344642923174514,0.589384142415126,0.587785252292722,31.9454096128965
0.414375580993289,0.589940525156637,-0.951056516295176,31.9448054234702
0.481753674101716,0.590482705246602,-1.92955460637245E-15,31.9442017787922
0.546394346734266,0.5910105970685,0.951056516295177,31.94359868482
0.607930297694599,0.591524117262092,-0.587785252292351,31.942996147506
0.666011867434253,0.592023184736587,-0.587785252292656,31.942394172797
0.720309024887904,0.592507720683446,0.951056516295061,31.9417927666343
0.770513242775784,0.592977648588825,3.75331872786572E-13,31.9411919349535
0.816339250717185,0.593432894245661,-0.951056516295152,31.9405916836846
0.857526656193651,0.593873385765387,0.587785252292417,31.9399920187517
0.893841424151267,0.594299053589286,0.58778525229259,31.9393929460734
0.925077206834459,0.594709830499474,-0.951056516295086,31.9387944715623
0.951056516295153,0.595105651629515,-2.93986840080307E-13,31.938196601125
0.971631732914672,0.595486454474664,0.951056516295268,31.9375993406623
0.986685944207866,0.595852178901738,-0.587785252292114,31.9370026960689
0.996133609143172,0.596202767158609,-0.587785252292892,31.9364066732335
0.999921044203816,0.596538163883327,0.95105651629497,31.9358112780386
0.998026728428271,0.596858316112863,2.12641807374042E-13,31.9352165163604
0.990461425696652,0.597163173291467,-0.951056516295242,31.934622394069
0.977268123568195,0.597452687278658,0.58778525229218,31.9340289170282
0.958521789017375,0.597726812356819,0.587785252292826,31.9334360910954
0.934328942456613,0.597985505238425,-0.951056516295136,31.9328439221215
0.904827052466023,0.598228725072869,-1.31296774667777E-13,31.9322524159509
0.870183754669532,0.598456433452921,0.951056516295217,31.9316615784217
0.830595899195814,0.598668594420787,-0.587785252292246,31.9310714153651
0.786288432136615,0.598865174473791,-0.587785252292393,31.9304819326058
0.737513117358172,0.599046142569665,0.951056516295161,31.9298931359617
0.684547105928691,0.599211470131448,4.99517419615125E-14,31.9293050312441
0.627691361290706,0.599361131052001,-0.951056516295192,31.9287176242573
0.567268949126755,0.59949510169813,0.587785252292312,31.9281309207988
0.503623201635763,0.599613360914317,0.587785252292695,31.9275449266591
0.437115766650939,0.599715890026061,-0.951056516295046,31.9269596476217
0.368124552684689,0.599802672842827,-4.23354060141712E-13,31.9263750894631
0.297041581577037,0.599873695660602,0.951056516295167,31.9257912579526
0.224270760949374,0.599928947264059,-0.587785252292378,31.9252081588524
0.150225589120755,0.59996841892833,-0.587785252292629,31.9246257979176
0.0753268055279349,0.599992104420382,0.951056516295071,31.9240441808956
6.85915083412092E-15,0.6,3.42009027435447E-13,31.923463313527
-0.0753268055279212,0.599992104420382,-0.951056516295282,31.9228832015445
-0.150225589120755,0.59996841892833,0.587785252292076,31.9223038506737
-0.224270760949375,0.599928947264059,0.587785252292931,31.9217252666326
-0.297041581577024,0.599873695660602,-0.951056516295096,31.9211474551314
-0.368124552684676,0.599802672842827,-2.60663994729182E-13,31.920570421873
-0.437115766650927,0.599715890026061,0.951056516295257,31.9199941725525
-0.503623201635763,0.599613360914317,-0.587785252292141,31.9194187128573
-0.567268949126755,0.59949510169813,-0.587785252292497,31.9188440484668
-0.627691361290695,0.599361131052001,0.951056516295121,31.9182701850527
-0.684547105928681,0.599211470131448,1.79318962022917E-13,31.917697128279
-0.737513117358173,0.599046142569665,-0.951056516295232,31.9171248838013
-0.786288432136615,0.598865174473791,0.587785252292207,31.9165534572676
-0.830595899195814,0.598668594420787,0.587785252292432,31.9159828543176
-0.870183754669525,0.598456433452921,-0.951056516295146,31.9154130805829
-0.904827052466017,0.598228725072869,-9.79739293166526E-14,31.914844141687
-0.934328942456613,0.597985505238425,0.951056516295207,31.914276043245
-0.958521789017376,0.597726812356819,-0.587785252292273,31.9137087908638
-0.977268123568192,0.597452687278658,-0.587785252292734,31.913142390142
-0.99046142569665,0.597163173291467,0.951056516295031,31.9125768466698
-0.998026728428271,0.596858316112863,4.71376247496852E-13,31.9120121660288
-0.999921044203816,0.596538163883327,-0.951056516295182,31.9114483537922
-0.996133609143172,0.596202767158609,0.587785252292339,31.9108854155246
-0.986685944207868,0.595852178901738,0.587785252292668,31.910323356782
-0.971631732914675,0.595486454474664,-0.951056516295056,31.9097621831116
-0.951056516295152,0.595105651629515,-3.90031214790587E-13,31.9092019000521
-0.925077206834458,0.594709830499474,0.951056516295297,31.9086425131331
-0.893841424151266,0.594299053589286,-0.587785252292037,31.9080840278757
-0.857526656193658,0.593873385765388,-0.587785252292602,31.9075264497918
-0.816339250717193,0.593432894245661,0.951056516295081,31.9069697843845
-0.770513242775784,0.592977648588825,3.08686182084322E-13,31.9064140371479
-0.720309024887904,0.592507720683446,-0.951056516295132,31.9058592135669
-0.666011867434252,0.592023184736587,0.58778525229247,31.9053053191175
-0.60793029769461,0.591524117262092,0.587785252292536,31.9047523592664
-0.546394346734278,0.5910105970685,-0.951056516295106,31.904200339471
-0.481753674101716,0.590482705246602,-2.27341149378057E-13,31.9036492651797
-0.414375580993289,0.589940525156637,0.951056516295247,31.9030991418311
-0.344642923174526,0.589384142415126,-0.587785252292168,31.9025499748549
-0.272951935517326,0.588813644881354,-0.58778525229247,31.9020017696712
-0.199709980514412,0.588229122643495,0.951056516295132,31.9014545316903
-0.1253332335643,0.587630668004386,1.45996116671793E-13,31.9009082663135
-0.0502443181797699,0.587018375466953,-0.951056516295222,31.9003629789321
0.0251300954433325,0.586392341719284,0.587785252292234,31.8998186749279
0.100361714851205,0.585752665619365,0.587785252292772,31.8992753596728
0.175023058975276,0.585099448179469,-0.951056516295016,31.8987330385294
0.24868988716485,0.584432792550202,-5.19398434851992E-13,31.8981917168499
0.320943609807214,0.583752804004214,0.951056516295197,31.8976513999771
0.391373666837202,0.583059589919581,-0.5877852522923,31.8971120932437
0.459579860621484,0.582353259762843,-0.587785252292707,31.8965738019724
0.5251746299613,0.581633925071718,0.951056516295041,31.8960365314759
0.587785252292473,0.580901699437495,4.38053402145727E-13,31.8955002870568
0.647055961569441,0.580156698487088,-0.951056516295312,31.8949650740077
0.702649969798843,0.579399039864784,0.587785252292366,31.894430897611
0.754251380736095,0.578628843213662,0.587785252292641,31.8938977631387
0.801566984870874,0.577846230156702,-0.951056516295066,31.8933656758526
0.844327925502018,0.577051324277579,9.80389814470017E-14,31.8928346410042
0.882291226434954,0.576244251101145,0.951056516295146,31.8923046638347
0.915241172620916,0.57542513807361,-0.587785252292432,31.8917757495746
0.942990535892861,0.574594114542418,-0.587785252292575,31.8912479034442
0.965381638833274,0.573751311735817,0.951056516295092,31.8907211306531
0.982287250728688,0.572896862742141,2.75363336733198E-13,31.8901954364004
0.993611310520007,0.572030902488791,-0.951056516295262,31.8896708258743
0.999289472640589,0.571153567720929,0.58778525229213,31.8891473042527
0.999289472640589,0.570264996979885,0.587785252292509,31.8886248767024
0.993611310520008,0.56936533058128,-0.951056516295117,31.8881035483796
0.982287250728688,0.568454710592869,-1.94018304026933E-13,31.8875833244296
0.965381638833275,0.567533280812103,0.951056516295237,31.8870642099868
0.942990535892867,0.566601186743425,-0.587785252292195,31.8865462101747
0.915241172620917,0.565658575575296,-0.587785252292811,31.8860293301056
0.882291226434955,0.564705596156944,0.951056516295001,31.8855135748811
0.84432792550202,0.563742398974869,5.67420622207132E-13,31.8849989495913
0.801566984870876,0.56276913612907,-0.951056516295211,31.8844854593155
0.754251380736106,0.561785961309033,0.587785252292261,31.8839731091216
0.702649969798845,0.560793029769461,0.587785252292746,31.8834619040663
0.647055961569443,0.559790498305752,-0.951056516295026,31.8829518491949
0.587785252292476,0.558778525229247,-4.86075589500867E-13,31.8824429495415
0.525174629961303,0.557757270342227,0.951056516295186,31.8819352101287
0.459579860621499,0.556726894912676,-0.587785252292327,31.8814286359678
0.391373666837206,0.555687561648819,-0.58778525229268,31.8809232320583
0.320943609807217,0.554639434673427,0.951056516295052,31.8804190033885
0.248689887164853,0.5535826794979,-5.00167940918617E-14,31.8799159549348
0.175023058975279,0.55251746299613,-0.951056516295161,31.8794140916622
0.100361714851223,0.551443953378151,0.587785252292393,31.8789134185238
0.0251300954433359,0.550362320163576,0.587785252292614,31.8784139404611
-0.0502443181797664,0.549272734154829,-0.951056516295077,31.8779156624037
-0.125333233564296,0.548175367410172,-3.23385524088338E-13,31.8774185892694
-0.199709980514395,0.547070393216534,0.951056516295277,31.8769227259642
-0.272951935517322,0.545957986062149,-0.587785252292091,31.8764280773819
-0.344642923174523,0.544838321609003,-0.587785252292548,31.8759346484047
-0.414375580993286,0.543711576665093,0.951056516295102,31.8754424439024
-0.481753674101713,0.542577929156507,2.42040491382073E-13,31.8749514687329
-0.546394346734263,0.541437558099328,-0.951056516295251,31.8744617277419
-0.607930297694607,0.540290643571366,0.587785252292157,31.8739732257629
-0.66601186743425,0.53913736668372,0.58778525229285,31.8734859676174
-0.720309024887902,0.53797790955218,-0.951056516294986,31.8729999581142
-0.770513242775781,0.536812455268468,-6.15442809562272E-13,31.8725152020503
-0.816339250717182,0.535641187871325,0.951056516295226,31.8720317042098
-0.857526656193656,0.534464292317452,-0.587785252292222,31.8715494693647
-0.893841424151265,0.533281954452299,-0.587785252292784,31.8710685022745
-0.925077206834457,0.532094360980721,0.951056516295152,31.8705888076861
-0.951056516295151,0.530901699437495,7.93504259695432E-14,31.870110390334
-0.971631732914671,0.529704158157704,-0.951056516295201,31.8696332549398
-0.986685944207868,0.528501926246998,0.587785252292288,31.8691574062128
-0.996133609143172,0.527295193551733,0.587785252292719,31.8686828488494
-0.999921044203816,0.52608415062899,-0.951056516295037,31.8682095875333
-0.998026728428272,0.524868988716485,1.99460673672158E-15,31.8677376269353
-0.990461425696652,0.523649899702372,0.951056516295176,31.8672669717135
-0.977268123568193,0.522427076094938,-0.587785252292354,31.8667976265132
-0.958521789017377,0.521200710992205,-0.587785252292653,31.8663295959664
-0.934328942456614,0.519970998051441,0.951056516295062,31.8658628846927
-0.904827052466024,0.518738131458573,3.71407711443478E-13,31.865397497298
-0.870183754669527,0.517502305897528,-0.951056516295291,31.8649334383758
-0.830595899195816,0.516263716519488,0.587785252292052,31.864470712506
-0.786288432136617,0.515022558912076,0.587785252292587,31.8640093242555
-0.737513117358175,0.513779029068464,-0.951056516295087,31.8635492781781
-0.684547105928693,0.51253332335643,-2.90062678737213E-13,31.8630905788143
-0.627691361290698,0.511285638487348,0.951056516295266,31.8626332306911
-0.567268949126758,0.510036171485122,-0.587785252292118,31.8621772383225
-0.503623201635766,0.508785119655074,-0.587785252292889,31.861722606209
-0.437115766650943,0.507532680552793,0.951056516294972,31.8612693388374
-0.368124552684693,0.506279051952932,2.08717646030948E-13,31.8608174406815
-0.297041581577027,0.505024431817977,-0.951056516295241,31.8603669162013
-0.224270760949378,0.503769018266993,0.587785252292183,31.8599177698432
-0.150225589120758,0.502513009544334,0.587785252292455,31.8594700060402
-0.0753268055279388,0.501256603988335,-0.951056516295137,31.8590236292115
-1.07792464190681E-14,0.5,-1.27372613324683E-13,31.8585786437627
0.0753268055279315,0.498743396011665,0.951056516295216,31.8581350540855
0.150225589120751,0.497486990455666,-0.587785252292249,31.8576928645581
0.224270760949371,0.496230981733007,-0.587785252292757,31.8572520795447
0.29704158157702,0.494975568182023,0.951056516295022,31.8568127033956
0.368124552684686,0.493720948047069,4.60275806184185E-14,31.8563747404474
0.437115766650936,0.492467319447207,-0.951056516295191,31.8559381950224
0.50362320163576,0.491214880344926,0.587785252292315,31.8555030714293
0.567268949126752,0.489963828514878,0.587785252292692,31.8550693739626
0.627691361290692,0.488714361512652,-0.951056516295047,31.8546371069026
0.684547105928688,0.48746667664357,-4.19429898798618E-13,31.8542062745157
0.73751311735817,0.486220970931536,0.951056516295306,31.853776881054
0.786288432136613,0.484977441087924,-0.587785252292013,31.8533489307555
0.830595899195812,0.483736283480512,-0.587785252292626,31.8529224278438
0.870183754669523,0.482497694102472,0.951056516295072,31.8524973765284
0.904827052466021,0.481261868541428,3.38084866092353E-13,31.8520737810043
0.934328942456612,0.480029001948559,-0.951056516295281,31.8516516454523
0.958521789017374,0.478799289007795,0.587785252292079,31.8512309740386
0.977268123568191,0.477572923905062,0.58778525229256,31.8508117709152
0.990461425696651,0.476350100297628,-0.951056516295097,31.8503940402193
0.998026728428271,0.475131011283515,-2.56739833386088E-13,31.8499777860739
0.999921044203816,0.47391584937101,0.951056516295256,31.8495630125872
0.996133609143173,0.472704806448268,-0.587785252292512,31.8491497238528
0.986685944207869,0.471498073753002,-0.587785252292494,31.8487379239497
0.971631732914673,0.470295841842297,0.951056516295122,31.8483276169423
0.951056516295154,0.469098300562506,1.75394800679823E-13,31.84791880688
0.92507720683446,0.467905639019279,-0.951056516295231,31.8475114977977
0.893841424151268,0.466718045547701,0.58778525229221,31.8471056937154
0.85752665619366,0.465535707682548,0.587785252292796,31.8467013986381
0.816339250717187,0.464358812128675,-0.951056516295007,31.8462986165562
0.770513242775786,0.463187544731532,-9.40497679735586E-14,31.8458973514448
0.720309024887907,0.46202209044782,0.951056516295206,31.8454976072644
0.666011867434255,0.46086263331628,-0.587785252292276,31.8450993879603
0.607930297694613,0.459709356428634,-0.58778525229273,31.8447026974626
0.546394346734269,0.458562441900672,0.951056516295032,31.8443075396866
0.481753674101719,0.457422070843493,4.67452086153758E-13,31.8439139185323
0.414375580993292,0.456288423334907,-0.951056516295321,31.8435218378847
0.34464292317453,0.455161678390997,0.587785252291974,31.8431313016133
0.272951935517329,0.454042013937851,0.587785252292665,31.8427423135727
0.199709980514402,0.452929606783467,-0.951056516295057,31.8423548776019
0.125333233564304,0.451824632589828,-3.86107053447493E-13,31.8419689975249
0.0502443181797738,0.450727265845171,0.951056516295296,31.84158467715
-0.0251300954433286,0.449637679836424,-0.587785252292408,31.8412019202704
-0.100361714851215,0.44855604662185,-0.587785252292599,31.8408207306638
-0.175023058975272,0.44748253700387,0.951056516295082,31.8404411120923
-0.248689887164846,0.4464173205021,3.04762020741228E-13,31.8400630683026
-0.32094360980721,0.445360565326573,-0.95105651629513,31.8396866030258
-0.391373666837199,0.444312438351181,0.587785252292474,31.8393117199776
-0.459579860621493,0.443273105087324,0.587785252292533,31.8389384228578
-0.525174629961296,0.442242729657773,-0.951056516295108,31.8385667153507
-0.58778525229247,0.441221474770753,-2.23416988034963E-13,31.838196601125
-0.647055961569438,0.440209501694248,0.951056516295246,31.8378280838335
-0.70264996979884,0.43920697023054,-0.587785252292172,31.8374611671134
-0.754251380736101,0.438214038690967,-0.587785252292835,31.8370958545859
-0.801566984870872,0.43723086387093,0.951056516294992,31.8367321498566
-0.844327925502016,0.436257601025131,1.42071955328699E-13,31.836370056515
-0.882291226434952,0.435294403843056,-0.951056516295221,31.8360095781349
-0.915241172620914,0.434341424424704,0.587785252292237,31.8356507182741
-0.942990535892865,0.433398813256575,0.587785252292769,31.8352934804743
-0.965381638833273,0.432466719187898,-0.951056516295017,31.8349378682614
-0.982287250728687,0.431545289407131,-5.15474273508898E-13,31.8345838851451
-0.993611310520007,0.43063466941872,0.951056516295336,31.834231534619
-0.999289472640589,0.429735003020115,-0.587785252292303,31.8338808201608
-0.999289472640589,0.428846432279071,-0.587785252292704,31.8335317452319
-0.993611310520008,0.427969097511209,0.951056516295043,31.8331843132774
-0.982287250728689,0.427103137257859,4.34129240802633E-13,31.8328385277263
-0.965381638833276,0.426248688264183,-0.95105651629517,31.8324943919916
-0.942990535892864,0.425405885457582,0.587785252292369,31.8321519094695
-0.915241172620919,0.42457486192639,0.587785252292638,31.8318110835404
-0.882291226434957,0.423755748898855,-0.951056516295068,31.8314719175679
-0.844327925502022,0.422948675722421,-3.52784208096368E-13,31.8311344148996
-0.801566984870878,0.422153769843298,0.951056516295145,31.8307985788664
-0.754251380736099,0.421371156786338,-0.587785252292435,31.830464412783
-0.702649969798848,0.420600960135217,-0.587785252292572,31.8301319199473
-0.647055961569446,0.419843301512912,0.951056516295093,31.8298011036411
-0.587785252292479,0.419098300562505,2.71439175390104E-13,31.8294719671292
-0.525174629961306,0.418366074928282,-0.951056516295261,31.8291445136601
-0.45957986062149,0.417646740237157,0.587785252292133,31.8288187464658
-0.391373666837209,0.416940410080419,0.587785252292874,31.8284946687613
-0.320943609807221,0.416247195995786,-0.951056516294977,31.8281722837451
-0.248689887164857,0.415567207449798,-1.90094142683839E-13,31.8278515945992
-0.175023058975283,0.414900551820531,0.951056516295235,31.8275326044885
-0.100361714851213,0.414247334380635,-0.587785252292198,31.8272153165614
-0.0251300954433398,0.413607658280717,-0.587785252292808,31.8268997339494
0.0502443181797625,0.412981624533048,0.951056516295003,31.8265858597671
0.125333233564293,0.412369331995614,5.63496460864038E-13,31.8262736971124
0.199709980514405,0.411770877356505,-0.95105651629521,31.8259632490661
0.272951935517319,0.411186355118646,0.587785252292264,31.8256545186923
0.344642923174519,0.410615857584874,0.587785252292742,31.825347509038
0.414375580993282,0.410059474843363,-0.951056516295028,31.8250422231333
0.481753674101709,0.409517294753398,-2.74040772713091E-14,31.8247386639912
0.546394346734271,0.4089894029315,0.951056516295185,31.8244368346078
0.607930297694604,0.408475882737908,-0.58778525229233,31.8241367379619
0.666011867434247,0.407976815263413,-0.587785252292677,31.8238383770154
0.720309024887899,0.407492279316554,0.951056516295053,31.823541754713
0.770513242775779,0.407022351411175,4.00806395451508E-13,31.8232468739823
0.816339250717188,0.406567105754339,-0.95105651629516,31.8229537377335
0.857526656193654,0.406126614234613,0.587785252292396,31.8226623488599
0.893841424151263,0.405700946410714,0.587785252292611,31.8223727102373
0.925077206834456,0.405290169500526,-0.951056516295078,31.8220848247243
0.951056516295155,0.404894348370485,-3.19461362745244E-13,31.8217986951623
0.971631732914674,0.404513545525336,0.951056516295275,31.8215143243753
0.986685944207867,0.404147821098262,-0.587785252292094,31.8212317151697
0.996133609143172,0.403797232841391,-0.587785252292913,31.820950870335
0.999921044203816,0.403461836116673,0.951056516294963,31.820671792643
0.998026728428271,0.403141683887137,2.38116330038979E-13,31.8203944848479
0.990461425696651,0.402836826708533,-0.95105651629525,31.8201189496867
0.977268123568194,0.402547312721342,0.58778525229216,31.8198451898789
0.958521789017378,0.402273187643181,0.587785252292847,31.8195732081264
0.934328942456616,0.402014494761575,-0.951056516294988,31.8193030071134
0.90482705246602,0.401771274927131,-1.56771297332714E-13,31.8190345895068
0.870183754669529,0.40154356654708,0.951056516295225,31.8187679579557
0.830595899195819,0.401331405579213,-0.587785252292225,31.8185031150918
0.786288432136619,0.401134825526209,-0.587785252292413,31.8182400635288
0.737513117358178,0.400953857430335,0.951056516295153,31.817978805863
0.684547105928686,0.400788529868552,7.54262646264492E-14,31.8177193446729
0.627691361290701,0.400638868947999,-0.9510565162952,31.8174616825193
0.567268949126761,0.40050489830187,0.587785252292291,31.8172058219452
0.50362320163577,0.400386639085683,0.587785252292715,31.8169517654758
0.437115766650934,0.400284109973939,-0.951056516295038,31.8166995156186
0.368124552684683,0.400197327157173,-4.48828582806649E-13,31.8164490748632
0.297041581577031,0.400126304339398,0.951056516295175,31.8162004456813
0.224270760949382,0.400071052735941,-0.587785252292357,31.8159536305268
0.150225589120762,0.40003158107167,-0.58778525229265,31.8157086318357
0.0753268055279285,0.400007895579618,0.951056516295063,31.815465452026
4.88487288813344E-16,0.4,3.67483550100384E-13,31.8152240934977
-0.0753268055279276,0.400007895579618,-0.95105651629529,31.8149845586331
-0.150225589120747,0.40003158107167,0.587785252292055,31.8147468497962
-0.224270760949367,0.400071052735941,0.587785252292952,31.8145109693331
-0.29704158157703,0.400126304339398,-0.951056516294948,31.8142769195718
-0.368124552684682,0.400197327157173,-2.86138517394119E-13,31.8140447028224
-0.437115766650933,0.400284109973939,0.951056516295265,31.8138143213766
-0.503623201635757,0.400386639085683,-0.587785252292121,31.8135857775084
-0.567268949126749,0.40050489830187,-0.587785252292886,31.8133590734732
-0.6276913612907,0.400638868947999,0.951056516295113,31.8131342115087
-0.684547105928685,0.400788529868552,2.04793484687854E-13,31.812911193834
-0.737513117358167,0.400953857430335,-0.95105651629524,31.8126900226504
-0.78628843213661,0.401134825526209,0.587785252292187,31.8124707001406
-0.83059589919581,0.401331405579213,0.587785252292452,31.8122532284692
-0.870183754669528,0.401543566547079,-0.951056516295139,31.8120376097827
-0.90482705246602,0.401771274927131,-1.23448451981589E-13,31.8118238462092
-0.93432894245661,0.402014494761575,0.951056516295215,31.8116119398582
-0.958521789017373,0.402273187643181,-0.587785252292252,31.8114018928214
-0.977268123568193,0.402547312721342,-0.587785252292754,31.8111937071718
-0.990461425696651,0.402836826708533,0.951056516295023,31.810987384964
-0.998026728428271,0.403141683887137,4.96850770161789E-13,31.8107829282345
-0.999921044203816,0.403461836116673,-0.95105651629519,31.8105803390011
-0.996133609143173,0.403797232841391,0.587785252292318,31.8103796192632
-0.986685944207867,0.404147821098262,0.587785252292688,31.8101807710019
-0.971631732914674,0.404513545525336,-0.951056516295048,31.8099837961798
-0.951056516295155,0.404894348370485,-4.15505737455524E-13,31.809788696741
-0.925077206834461,0.405290169500526,0.951056516295305,31.8095954746109
-0.89384142415127,0.405700946410713,-0.587785252292016,31.8094041316966
-0.857526656193654,0.406126614234612,-0.587785252292991,31.8092146698865
-0.816339250717189,0.406567105754339,0.951056516295073,31.8090270910507
-0.770513242775789,0.407022351411175,3.34160704749259E-13,31.8088413970403
-0.72030902488791,0.407492279316554,-0.95105651629528,31.8086575896882
-0.666011867434258,0.407976815263413,0.58778525229245,31.8084756708085
-0.607930297694605,0.408475882737908,0.587785252292557,31.8082956421965
-0.546394346734272,0.4089894029315,-0.951056516295099,31.8081175056292
-0.481753674101723,0.409517294753398,-2.52815672042994E-13,31.8079412628646
-0.414375580993296,0.410059474843363,0.951056516295255,31.8077669156422
-0.34464292317452,0.410615857584874,-0.587785252292148,31.8075944656828
-0.272951935517319,0.411186355118646,-0.587785252292491,31.8074239146883
-0.199709980514406,0.411770877356505,0.951056516295124,31.807255264342
-0.125333233564308,0.412369331995614,1.71470639336729E-13,31.8070885163084
-0.0502443181797777,0.412981624533047,-0.95105651629523,31.8069236722333
0.0251300954433389,0.413607658280716,0.587785252292214,31.8067607337437
0.100361714851212,0.414247334380635,0.587785252292793,31.8065997024475
0.175023058975268,0.414900551820531,-0.951056516295008,31.8064405799342
0.248689887164842,0.415567207449798,-5.44872957516929E-13,31.8062833677743
0.320943609807206,0.416247195995786,0.951056516295204,31.8061280675193
0.391373666837208,0.416940410080419,-0.587785252292279,31.805974680702
0.459579860621489,0.417646740237157,-0.587785252292727,31.8058232088363
0.525174629961293,0.418366074928281,0.951056516295033,31.8056736534171
0.587785252292467,0.419098300562505,4.63527924810664E-13,31.8055260159205
0.647055961569435,0.419843301512912,-0.95105651629532,31.8053802978036
0.702649969798847,0.420600960135216,0.587785252291977,31.8052365005046
0.754251380736099,0.421371156786338,0.587785252292661,31.8050946254427
0.801566984870869,0.422153769843298,-0.951056516295058,31.8049546740182
0.844327925502014,0.422948675722421,-3.82182892104399E-13,31.8048166476122
0.88229122643495,0.423755748898855,0.951056516295154,31.8046805475872
0.915241172620918,0.42457486192639,-0.587785252292411,31.8045463752864
0.942990535892864,0.425405885457582,-0.587785252292596,31.8044141320339
0.965381638833272,0.426248688264182,0.951056516295084,31.8042838191349
0.982287250728686,0.427103137257859,3.00837859398134E-13,31.8041554378756
0.993611310520008,0.427969097511209,-0.95105651629527,31.8040289895232
0.999289472640589,0.428846432279071,0.587785252292109,31.8039044753254
0.999289472640589,0.429735003020115,0.58778525229253,31.8037818965113
0.993611310520009,0.43063466941872,-0.951056516295109,31.8036612542907
0.98228725072869,0.431545289407131,-2.19492826691869E-13,31.8035425498543
0.965381638833273,0.432466719187897,0.951056516295244,31.8034257843735
0.942990535892865,0.433398813256575,-0.587785252292175,31.8033109590009
0.91524117262092,0.434341424424704,-0.587785252292832,31.8031980748698
0.882291226434959,0.435294403843056,0.951056516294993,31.8030871330942
0.844327925502024,0.436257601025131,5.92895144872069E-13,31.802978134769
0.801566984870872,0.43723086387093,-0.951056516295219,31.8028710809702
0.754251380736102,0.438214038690967,0.587785252292241,31.8027659727542
0.702649969798851,0.43920697023054,0.587785252292766,31.8026628111584
0.647055961569449,0.440209501694248,-0.951056516295019,31.802561597201
0.587785252292482,0.441221474770753,-5.11550112165804E-13,31.802462331881
0.525174629961297,0.442242729657773,0.951056516295194,31.8023650161779
0.459579860621494,0.443273105087324,-0.587785252292306,31.8022696510524
0.391373666837213,0.444312438351181,-0.5877852522927,31.8021762374456
0.320943609807225,0.445360565326573,0.951056516295044,31.8020847762795
0.248689887164847,0.4464173205021,-2.4542271426925E-14,31.8019952684567
0.175023058975273,0.44748253700387,-0.951056516295169,31.8019077148607
0.100361714851216,0.448556046621849,0.587785252292372,31.8018221163555
0.0251300954433438,0.449637679836424,0.587785252292635,31.8017384737861
-0.0502443181797586,0.450727265845171,-0.951056516295069,31.8016567879779
-0.125333233564303,0.451824632589828,-3.48860046753274E-13,31.8015770597371
-0.199709980514401,0.452929606783467,0.951056516295284,31.8014992898506
-0.272951935517315,0.454042013937851,-0.58778525229207,31.801423479086
-0.344642923174516,0.455161678390997,-0.587785252292569,31.8013496281915
-0.414375580993279,0.456288423334907,0.951056516295094,31.801277737896
-0.481753674101718,0.457422070843493,2.6751501404701E-13,31.801207808909
-0.546394346734268,0.458562441900672,-0.951056516295259,31.8011398419206
-0.607930297694601,0.459709356428634,0.587785252292136,31.8010738376017
-0.666011867434244,0.46086263331628,0.587785252292871,31.8010097966037
-0.720309024887906,0.46202209044782,-0.951056516294979,31.8009477195587
-0.770513242775786,0.463187544731532,-6.40917332227209E-13,31.8008876070794
-0.816339250717186,0.464358812128675,0.951056516295234,31.800829459759
-0.857526656193652,0.465535707682548,-0.587785252292202,31.8007732781714
-0.893841424151261,0.466718045547701,-0.587785252292805,31.8007190628711
-0.925077206834459,0.467905639019279,0.951056516295004,31.8006668143932
-0.951056516295153,0.469098300562505,1.0482494863448E-13,31.8006165332534
-0.971631732914673,0.470295841842297,-0.951056516295209,31.8005682199479
-0.986685944207866,0.471498073753002,0.587785252292268,31.8005218749535
-0.996133609143171,0.472704806448267,0.587785252292739,31.8004774987278
-0.999921044203816,0.47391584937101,-0.951056516295029,31.8004350917085
-0.998026728428271,0.475131011283515,-2.34799159282151E-14,31.8003946543143
-0.990461425696651,0.476350100297628,0.951056516295184,31.8003561869444
-0.977268123568195,0.477572923905062,-0.587785252292333,31.8003196899782
-0.958521789017379,0.478799289007794,-0.587785252292673,31.8002851637761
-0.934328942456612,0.480029001948559,0.951056516295054,31.8002526086788
-0.904827052466022,0.481261868541428,3.96882234108414E-13,31.8002220250076
-0.87018375466953,0.482497694102472,-0.951056516295299,31.8001934130644
-0.830595899195821,0.483736283480512,0.587785252292031,31.8001667731315
-0.786288432136622,0.484977441087924,0.587785252292608,31.8001421054719
-0.737513117358171,0.486220970931536,-0.951056516295079,31.800119410329
-0.684547105928689,0.48746667664357,-3.1553720140215E-13,31.8000986879269
-0.627691361290704,0.488714361512652,0.951056516295274,31.8000799384699
-0.567268949126764,0.489963828514878,-0.587785252292097,31.8000631621433
-0.503623201635761,0.491214880344925,-0.58778525229291,31.8000483591126
-0.437115766650937,0.492467319447207,0.951056516294964,31.8000355295238
-0.368124552684687,0.493720948047069,2.34192168695885E-13,31.8000246735037
-0.297041581577035,0.494975568182023,-0.951056516295249,31.8000157911592
-0.224270760949386,0.496230981733007,0.587785252292163,31.8000088825782
-0.150225589120752,0.497486990455666,0.587785252292844,31.8000039478288
-0.0753268055279324,0.498743396011665,-0.951056516295129,31.8000009869596
-4.40858287376056E-15,0.5,-1.5284713598962E-13,31.8
0.0753268055279236,0.501256603988335,0.951056516295224,31.8000009869596
0.150225589120743,0.502513009544334,-0.587785252292229,31.8000039478288
0.224270760949377,0.503769018266993,-0.587785252292778,31.8000088825782
0.297041581577026,0.505024431817977,0.951056516295014,31.8000157911592
0.368124552684678,0.506279051952931,7.15021032833552E-14,31.8000246735037
0.437115766650929,0.507532680552793,-0.951056516295199,31.8000355295238
0.503623201635753,0.508785119655074,0.587785252292295,31.8000483591126
0.567268949126757,0.510036171485121,0.587785252292712,31.8000631621433
0.627691361290697,0.511285638487348,-0.951056516295039,31.8000799384699
0.684547105928682,0.51253332335643,-4.44904421463554E-13,31.8000986879269
0.737513117358165,0.513779029068464,0.951056516295314,31.800119410329
0.786288432136616,0.515022558912075,-0.587785252291992,31.8001421054719
0.830595899195816,0.516263716519488,-0.587785252292646,31.8001667731315
0.870183754669526,0.517502305897528,0.951056516295064,31.8001934130644
0.904827052466018,0.518738131458572,3.6355938875729E-13,31.8002220250076
0.934328942456609,0.519970998051441,-0.951056516295289,31.8002526086788
0.958521789017376,0.521200710992205,0.587785252292058,31.8002851637761
0.977268123568193,0.522427076094938,0.587785252292949,31.8003196899782
0.99046142569665,0.523649899702372,-0.951056516295089,31.8003561869444
0.998026728428271,0.524868988716485,-2.82214356051025E-13,31.8003946543143
0.999921044203816,0.52608415062899,0.951056516295264,31.8004350917085
0.996133609143172,0.527295193551732,-0.587785252292124,31.8004774987278
0.986685944207868,0.528501926246998,-0.587785252292515,31.8005218749535
0.971631732914675,0.529704158157703,0.951056516295115,31.8005682199479
0.951056516295156,0.530901699437495,2.0086932334476E-13,31.8006165332534
0.925077206834463,0.532094360980721,-0.951056516295239,31.8006668143932
0.893841424151265,0.533281954452299,0.58778525229219,31.8007190628711
0.857526656193656,0.534464292317452,0.587785252292817,31.8007732781714
0.816339250717191,0.535641187871325,-0.951056516294999,31.800829459759
0.770513242775791,0.536812455268468,-1.19524290638495E-13,31.8008876070794
0.720309024887912,0.53797790955218,0.951056516295214,31.8009477195587
0.66601186743425,0.53913736668372,-0.587785252292256,31.8010097966037
0.607930297694608,0.540290643571366,-0.587785252292751,31.8010738376017
0.546394346734275,0.541437558099328,0.951056516295024,31.8011398419206
0.481753674101726,0.542577929156507,4.92926608818695E-13,31.801207808909
0.414375580993287,0.543711576665093,-0.951056516295329,31.801277737896
0.344642923174524,0.544838321609003,0.587785252291954,31.8013496281915
0.272951935517323,0.545957986062149,0.587785252292685,31.801423479086
0.19970998051441,0.547070393216533,-0.95105651629505,31.8014992898506
0.125333233564312,0.548175367410171,-4.1158157611243E-13,31.8015770597371
0.0502443181797674,0.549272734154829,0.951056516295304,31.8016567879779
-0.0251300954433349,0.550362320163576,-0.587785252292019,31.8017384737861
-0.100361714851208,0.55144395337815,-0.587785252292619,31.8018221163555
-0.175023058975264,0.55251746299613,0.951056516295075,31.8019077148607
-0.248689887164839,0.5535826794979,3.30236543406165E-13,31.8019952684567
-0.320943609807216,0.554639434673427,-0.951056516295138,31.8020847762795
-0.391373666837205,0.555687561648819,0.587785252292453,31.8021762374456
-0.459579860621486,0.556726894912676,0.587785252292554,31.8022696510524
-0.52517462996129,0.557757270342227,-0.9510565162951,31.8023650161779
-0.587785252292475,0.558778525229247,-2.488915106999E-13,31.802462331881
-0.647055961569443,0.559790498305752,0.951056516295254,31.802561597201
-0.702649969798844,0.56079302976946,-0.587785252292151,31.8026628111584
-0.754251380736096,0.561785961309033,-0.587785252292856,31.8027659727542
-0.801566984870867,0.56276913612907,0.951056516294984,31.8028710809702
-0.844327925502019,0.563742398974869,1.67546477993635E-13,31.802978134769
-0.882291226434955,0.564705596156944,-0.951056516295228,31.8030871330942
-0.915241172620917,0.565658575575296,0.587785252292217,31.8031980748698
-0.942990535892862,0.566601186743425,0.58778525229279,31.8033109590009
-0.965381638833271,0.567533280812102,-0.95105651629501,31.8034257843735
-0.982287250728688,0.568454710592869,-5.40948796173835E-13,31.8035425498543
-0.993611310520008,0.56936533058128,0.951056516295344,31.8036612542907
-0.999289472640589,0.570264996979885,-0.587785252291915,31.8037818965113
-0.999289472640589,0.571153567720929,-0.587785252292724,31.8039044753254
-0.993611310520009,0.572030902488791,0.951056516295035,31.8040289895232
-0.982287250728688,0.572896862742141,4.5960376346757E-13,31.8041554378756
-0.965381638833274,0.573751311735818,-0.951056516295319,31.8042838191349
-0.942990535892867,0.574594114542418,0.587785252292348,31.8044141320339
-0.915241172620922,0.57542513807361,0.587785252292658,31.8045463752864
-0.882291226434954,0.576244251101145,-0.95105651629506,31.8046805475872
-0.844327925502018,0.577051324277579,-3.78258730761305E-13,31.8048166476122
-0.801566984870875,0.577846230156702,0.951056516295153,31.8049546740182
-0.754251380736105,0.578628843213662,-0.587785252292414,31.8050946254427
-0.702649969798853,0.579399039864783,-0.587785252292592,31.8052365005046
-0.647055961569442,0.580156698487088,0.951056516295085,31.8053802978036
-0.587785252292474,0.580901699437495,2.9691369805504E-13,31.8055260159205
-0.525174629961301,0.581633925071718,-0.951056516295268,31.8056736534171
-0.459579860621497,0.582353259762843,0.587785252292112,31.8058232088363
-0.391373666837216,0.583059589919581,0.587785252292895,31.805974680702
-0.320943609807215,0.583752804004214,-0.951056516294969,31.8061280675193
-0.248689887164851,0.584432792550202,-2.15568665348775E-13,31.8062833677743
-0.175023058975277,0.585099448179469,0.951056516295243,31.8064405799342
-0.10036171485122,0.585752665619365,-0.587785252292178,31.8065997024475
-0.0251300954433477,0.586392341719283,-0.587785252292829,31.8067607337437
0.0502443181797689,0.587018375466952,0.951056516294995,31.8069236722333
0.125333233564299,0.587630668004386,5.88970983528975E-13,31.8070885163084
0.199709980514397,0.588229122643495,-0.951056516295359,31.807255264342
0.272951935517311,0.588813644881354,0.587785252292244,31.8074239146883
0.344642923174512,0.589384142415126,0.587785252292763,31.8075944656828
0.414375580993288,0.589940525156637,-0.95105651629502,31.8077669156422
0.481753674101715,0.590482705246602,-5.28785999362458E-14,31.8079412628646
0.546394346734265,0.5910105970685,0.951056516295193,31.8081175056292
0.607930297694598,0.591524117262092,-0.587785252292309,31.8082956421965
0.666011867434251,0.592023184736587,-0.587785252292697,31.8084756708085
0.720309024887903,0.592507720683446,0.951056516295045,31.8086575896882
0.770513242775783,0.592977648588825,4.26280918116445E-13,31.8088413970403
0.816339250717184,0.593432894245661,-0.951056516295168,31.8090270910507
0.85752665619365,0.593873385765388,0.587785252292375,31.8092146698865
0.893841424151266,0.594299053589286,0.587785252292631,31.8094041316966
0.925077206834458,0.594709830499474,-0.95105651629507,31.8095954746109
0.951056516295152,0.595105651629515,-3.4493588541018E-13,31.809788696741
0.971631732914675,0.595486454474664,0.951056516295143,31.8099837961798
0.986685944207866,0.595852178901737,-0.587785252292073,31.8101807710019
0.996133609143173,0.596202767158609,-0.587785252292566,31.8103796192632
0.999921044203816,0.596538163883327,0.951056516294955,31.8105803390011
0.998026728428272,0.596858316112863,2.63590852703915E-13,31.8107829282345
0.990461425696654,0.597163173291467,-0.951056516295399,31.810987384964
0.977268123568195,0.597452687278658,0.587785252292139,31.8111937071718
0.95852178901738,0.597726812356819,0.587785252292868,31.8114018928214
0.934328942456614,0.597985505238425,-0.95105651629498,31.8116119398582
0.904827052466017,0.598228725072869,-1.82245819997651E-13,31.8118238462092
0.870183754669532,0.598456433452921,0.951056516295233,31.8120376097827
0.830595899195815,0.598668594420787,-0.587785252292205,31.8122532284692
0.786288432136624,0.598865174473791,-0.587785252292802,31.8124707001406
0.737513117358173,0.599046142569665,0.951056516295145,31.8126900226504
0.684547105928702,0.599211470131448,5.5564813817785E-13,31.812911193834
0.627691361290707,0.599361131052001,-0.951056516295208,31.8131342115087
0.567268949126744,0.59949510169813,0.587785252292271,31.8133590734732
0.503623201635764,0.599613360914317,0.587785252292736,31.8135857775084
0.437115766650928,0.599715890026061,-0.951056516295171,31.8138143213766
0.36812455268469,0.599802672842827,-4.74303105471585E-13,31.8140447028224
0.297041581577039,0.599873695660602,0.951056516295183,31.8142769195718
0.224270760949389,0.599928947264059,-0.587785252291969,31.8145109693331
0.150225589120756,0.59996841892833,-0.58778525229267,31.8147468497962
0.0753268055279505,0.599992104420382,0.951056516294915,31.8149845586331
8.32867845870777E-15,0.6,3.9295807276532E-13,31.8152240934977
-0.0753268055279339,0.599992104420382,-0.951056516295158,31.815465452026
-0.150225589120754,0.59996841892833,0.587785252292034,31.8157086318357
-0.224270760949387,0.599928947264059,0.587785252292604,31.8159536305268
-0.297041581577023,0.599873695660602,-0.95105651629494,31.8162004456813
-0.368124552684675,0.599802672842827,-3.11613040059056E-13,31.8164490748632
-0.437115766650926,0.599715890026061,0.951056516295273,31.8166995156186
-0.503623201635762,0.599613360914317,-0.5877852522921,31.8169517654758
-0.567268949126742,0.59949510169813,-0.587785252292906,31.8172058219452
-0.627691361290694,0.599361131052001,0.951056516295105,31.8174616825193
-0.68454710592869,0.599211470131448,2.30268007352791E-13,31.8177193446729
-0.737513117358172,0.599046142569665,-0.951056516295248,31.817978805863
-0.786288432136623,0.598865174473791,0.587785252292166,31.8182400635288
-0.830595899195806,0.598668594420787,0.587785252292841,31.8185031150918
-0.870183754669524,0.598456433452921,-0.951056516295131,31.8187679579557
-0.90482705246601,0.598228725072869,-6.0367032553299E-13,31.8190345895068
-0.934328942456613,0.597985505238425,0.951056516295223,31.8193030071134
-0.958521789017379,0.597726812356819,-0.5877852522926,31.8195732081264
-0.977268123568192,0.597452687278658,-0.587785252292775,31.8198451898789
-0.990461425696652,0.597163173291467,0.951056516295156,31.8201189496867
-0.99802672842827,0.596858316112863,5.22325292826725E-13,31.8203944848479
-0.999921044203816,0.596538163883327,-0.951056516295197,31.820671792643
-0.996133609143174,0.596202767158609,0.58778525229193,31.820950870335
-0.986685944207868,0.595852178901738,0.587785252292709,31.8212317151697
-0.971631732914679,0.595486454474664,-0.9510565162949,31.8215143243753
-0.951056516295157,0.595105651629515,-4.4098026012046E-13,31.8217986951623
-0.925077206834454,0.594709830499474,0.951056516295172,31.8220848247243
-0.893841424151267,0.594299053589286,-0.587785252291996,31.8223727102373
-0.857526656193651,0.593873385765387,-0.587785252292643,31.8226623488599
-0.816339250717193,0.593432894245661,0.951056516294925,31.8229537377335
-0.770513242775785,0.592977648588825,3.59635227414196E-13,31.8232468739823
-0.720309024887915,0.592507720683446,-0.951056516295288,31.823541754713
-0.666011867434253,0.592023184736587,0.587785252292061,31.8238383770154
-0.607930297694622,0.591524117262092,0.587785252292945,31.8241367379619
-0.546394346734279,0.5910105970685,-0.951056516295091,31.8244368346078
-0.481753674101705,0.590482705246602,-2.78290194707931E-13,31.8247386639912
-0.41437558099329,0.589940525156637,0.951056516295263,31.8250422231333
-0.344642923174514,0.589384142415126,-0.587785252292495,31.825347509038
-0.272951935517341,0.588813644881354,-0.587785252292879,31.8256545186923
-0.199709980514413,0.588229122643495,0.951056516295116,31.8259632490661
-0.125333233564315,0.587630668004386,6.5169251288813E-13,31.8262736971124
-0.0502443181797713,0.587018375466953,-0.951056516295237,31.8265858597671
0.0251300954433452,0.586392341719284,0.587785252292561,31.8268997339494
0.100361714851204,0.585752665619365,0.587785252292814,31.8272153165614
0.175023058975274,0.585099448179469,-0.951056516295141,31.8275326044885
0.248689887164849,0.584432792550202,-5.70347480181865E-13,31.8278515945992
0.320943609807213,0.583752804004214,0.951056516295212,31.8281722837451
0.391373666837188,0.583059589919582,-0.587785252291891,31.8284946687613
0.459579860621482,0.582353259762843,-0.587785252292748,31.8288187464658
0.525174629961286,0.581633925071719,0.951056516294885,31.8291445136601
0.587785252292472,0.580901699437495,4.89002447475601E-13,31.8294719671292
0.647055961569451,0.580156698487088,-0.951056516295187,31.8298011036411
0.702649969798842,0.579399039864784,0.587785252291957,31.8301319199473
0.754251380736103,0.578628843213662,0.587785252292682,31.830464412783
0.801566984870873,0.577846230156702,-0.951056516295051,31.8307985788664
0.844327925502017,0.577051324277579,-4.07657414769336E-13,31.8311344148996
0.882291226434946,0.576244251101145,0.951056516295303,31.8314719175679
0.915241172620915,0.57542513807361,-0.58778525229239,31.8318110835404
0.942990535892856,0.574594114542418,-0.587785252292984,31.8321519094695
0.965381638833274,0.573751311735818,0.951056516295076,31.8324943919916
0.98228725072869,0.572896862742141,-1.28434968823393E-13,31.8328385277263
0.993611310520007,0.572030902488791,-0.951056516295277,31.8331843132774
0.999289472640589,0.571153567720929,0.587785252292456,31.8335317452319
0.999289472640589,0.570264996979885,0.587785252292918,31.8338808201608
0.993611310520008,0.56936533058128,-0.951056516295101,31.834231534619
0.982287250728691,0.568454710592869,-6.9971470024327E-13,31.8345838851451
0.965381638833275,0.567533280812103,0.951056516295252,31.8349378682614
0.942990535892863,0.566601186743425,-0.587785252292522,31.8352934804743
0.915241172620918,0.565658575575296,-0.587785252292853,31.8356507182741
0.882291226434949,0.564705596156944,0.951056516295126,31.8360095781349
0.84432792550202,0.563742398974869,6.18369667537005E-13,31.836370056515
0.801566984870877,0.56276913612907,-0.951056516295227,31.8367321498566
0.754251380736117,0.561785961309034,0.587785252291852,31.8370958545859
0.702649969798856,0.56079302976946,0.587785252292787,31.8374611671134
0.647055961569466,0.559790498305752,-0.951056516295011,31.8378280838335
0.587785252292489,0.558778525229247,-5.37024634830741E-13,31.838196601125
0.52517462996128,0.557757270342227,0.951056516295202,31.8385667153507
0.459579860621488,0.556726894912676,-0.587785252292286,31.8389384228578
0.391373666837194,0.555687561648819,-0.587785252292721,31.8393117199776
0.320943609807219,0.554639434673427,0.951056516295036,31.8396866030258
0.248689887164855,0.5535826794979,4.55679602124476E-13,31.8400630683026
0.175023058975295,0.55251746299613,-0.951056516295318,31.8404411120923
0.100361714851224,0.551443953378151,0.587785252292352,31.8408207306638
0.0251300954433658,0.550362320163576,0.587785252293023,31.8412019202704
-0.0502443181797508,0.549272734154829,-0.951056516295061,31.84158467715
-0.125333233564323,0.548175367410171,8.04127814682531E-14,31.8419689975249
-0.199709980514407,0.547070393216534,0.951056516295292,31.8423548776019
-0.272951935517335,0.545957986062149,-0.587785252292417,31.8427423135727
-0.344642923174508,0.544838321609003,-0.587785252292957,31.8431313016133
-0.414375580993284,0.543711576665093,0.951056516295086,31.8435218378847
-0.481753674101699,0.542577929156507,7.4773688759841E-13,31.8439139185323
-0.546394346734262,0.541437558099328,-0.951056516295267,31.8443075396866
-0.607930297694606,0.540290643571366,0.587785252292483,31.8447026974626
-0.666011867434238,0.53913736668372,0.587785252292891,31.8450993879603
-0.720309024887901,0.53797790955218,-0.951056516295111,31.8454976072644
-0.77051324277579,0.536812455268468,-6.66391854892145E-13,31.8458973514448
-0.81633925071719,0.535641187871325,0.951056516295242,31.8462986165562
-0.857526656193648,0.534464292317452,-0.587785252292181,31.8467013986381
-0.893841424151264,0.533281954452299,-0.587785252292826,31.8471056937154
-0.925077206834451,0.532094360980721,0.951056516294996,31.8475114977977
-0.951056516295151,0.530901699437495,5.85046822185881E-13,31.84791880688
-0.971631732914674,0.529704158157703,-0.951056516295217,31.8483276169423
-0.986685944207865,0.528501926246998,0.587785252292247,31.8487379239497
-0.996133609143172,0.527295193551732,0.58778525229276,31.8491497238528
-0.999921044203816,0.52608415062899,-0.951056516295021,31.8495630125872
-0.998026728428271,0.524868988716485,-4.89544385931517E-14,31.8499777860739
-0.990461425696652,0.523649899702373,0.951056516295332,31.8503940402193
-0.977268123568193,0.522427076094938,-0.587785252292313,31.8508117709152
-0.958521789017381,0.521200710992206,-0.587785252293062,31.8512309740386
-0.934328942456615,0.519970998051441,0.951056516295046,31.8516516454523
-0.904827052466019,0.518738131458572,-3.23905941131131E-14,31.8520737810043
-0.870183754669534,0.517502305897528,-0.951056516295307,31.8524973765284
-0.830595899195817,0.516263716519489,0.587785252292379,31.8529224278438
-0.786288432136618,0.515022558912076,0.587785252292996,31.8533489307555
-0.737513117358166,0.513779029068464,-0.951056516295071,31.853776881054
-0.684547105928694,0.512533323356431,-7.9575907495355E-13,31.8542062745157
-0.627691361290699,0.511285638487348,0.951056516295282,31.8546371069026
-0.567268949126747,0.510036171485121,-0.587785252292444,31.8550693739626
-0.503623201635768,0.508785119655075,-0.58778525229293,31.8555030714293
-0.437115766650931,0.507532680552793,0.951056516295096,31.8559381950224
-0.368124552684694,0.506279051952931,7.14414042247286E-13,31.8563747404474
-0.297041581577042,0.505024431817977,-0.951056516295257,31.8568127033956
-0.224270760949407,0.503769018266994,0.587785252292142,31.8572520795447
-0.150225589120746,0.502513009544334,0.587785252292864,31.8576928645581
-0.0753268055279403,0.501256603988336,-0.951056516294981,31.8581350540855
1.96208067154702E-15,0.5,-1.78321658654557E-13,31.8585786437627
0.0753268055279442,0.498743396011665,0.951056516295232,31.8590236292115
0.15022558912075,0.497486990455666,-0.587785252292208,31.8594700060402
0.224270760949383,0.496230981733007,-0.587785252292431,31.8599177698432
0.297041581577019,0.494975568182023,0.951056516295006,31.8603669162013
0.368124552684671,0.493720948047069,9.69766259482918E-14,31.8608174406815
0.437115766650909,0.492467319447207,-0.951056516295347,31.8612693388374
0.503623201635746,0.491214880344926,0.587785252292274,31.861722606209
0.567268949126751,0.489963828514879,0.587785252293101,31.8621772383225
0.627691361290702,0.488714361512652,-0.951056516295031,31.8626332306911
0.684547105928697,0.487466676643569,-1.5631593242027E-14,31.8630905788143
0.737513117358169,0.486220970931536,0.951056516295322,31.8635492781781
0.78628843213662,0.484977441087924,-0.58778525229234,31.8640093242555
0.830595899195803,0.483736283480512,-0.587785252293035,31.864470712506
0.870183754669522,0.482497694102473,0.951056516295056,31.8649334383758
0.904827052466009,0.481261868541428,8.4378126230869E-13,31.865397497298
0.934328942456606,0.480029001948559,-0.951056516295297,31.8658628846927
0.958521789017382,0.478799289007795,0.587785252292405,31.8663295959664
0.977268123568194,0.477572923905062,0.587785252292969,31.8667976265132
0.990461425696653,0.476350100297627,-0.951056516295082,31.8672669717135
0.998026728428271,0.475131011283515,-3.07688878715962E-13,31.8677376269353
0.999921044203816,0.47391584937101,0.951056516295272,31.8682095875333
0.996133609143174,0.472704806448268,-0.587785252292103,31.8686828488494
0.986685944207869,0.471498073753003,-0.587785252292535,31.8691574062128
0.97163173291468,0.470295841842297,0.951056516294966,31.8696332549398
0.951056516295159,0.469098300562506,2.26343846009697E-13,31.870110390334
0.92507720683446,0.467905639019279,-0.951056516295247,31.8705888076861
0.893841424151262,0.466718045547701,0.587785252292169,31.8710685022745
0.857526656193646,0.465535707682548,0.58778525229247,31.8715494693647
0.816339250717187,0.464358812128675,-0.951056516294991,31.8720317042098
0.770513242775787,0.463187544731532,-1.44998813303432E-13,31.8725152020503
0.720309024887918,0.46202209044782,0.951056516295362,31.8729999581142
0.666011867434256,0.46086263331628,-0.587785252292235,31.8734859676174
0.607930297694625,0.459709356428634,-0.58778525229314,31.8739732257629
0.546394346734282,0.458562441900672,0.951056516295016,31.8744617277419
0.48175367410172,0.457422070843493,6.36537805971671E-14,31.8749514687329
0.414375580993281,0.456288423334907,-0.951056516295337,31.8754424439024
0.344642923174505,0.455161678390997,0.587785252292301,31.8759346484047
0.272951935517331,0.454042013937851,0.587785252293074,31.8764280773819
0.199709980514403,0.452929606783467,-0.951056516295042,31.8769227259642
0.125333233564319,0.451824632589829,-4.37056098777366E-13,31.8774185892694
0.0502443181797752,0.450727265845171,0.951056516295312,31.8779156624037
-0.0251300954433413,0.449637679836424,-0.587785252292367,31.8784139404611
-0.1003617148512,0.44855604662185,-0.587785252293008,31.8789134185238
-0.175023058975271,0.44748253700387,0.951056516295067,31.8794140916622
-0.248689887164831,0.4464173205021,3.55711066071102E-13,31.8799159549348
-0.320943609807222,0.445360565326573,-0.951056516295287,31.8804190033885
-0.391373666837197,0.444312438351181,0.587785252292064,31.8809232320583
-0.459579860621491,0.443273105087324,0.587785252292574,31.8814286359678
-0.525174629961283,0.442242729657774,-0.951056516294951,31.8819352101287
-0.587785252292469,0.441221474770753,-2.74366033364837E-13,31.8824429495415
-0.647055961569448,0.440209501694248,0.951056516295121,31.8829518491949
-0.702649969798839,0.43920697023054,-0.58778525229213,31.8834619040663
-0.7542513807361,0.438214038690967,-0.587785252292508,31.8839731091216
-0.801566984870862,0.43723086387093,0.951056516294976,31.8844854593155
-0.844327925502023,0.436257601025131,1.93021000658572E-13,31.8849989495913
-0.882291226434951,0.435294403843056,-0.951056516295377,31.8855135748811
-0.915241172620919,0.434341424424704,0.587785252292196,31.8860293301056
-0.94299053589286,0.433398813256575,0.587785252293178,31.8865462101747
-0.965381638833273,0.432466719187898,-0.951056516295002,31.8870642099868
-0.982287250728689,0.431545289407131,-1.11675967952307E-13,31.8875833244296
-0.993611310520007,0.43063466941872,0.951056516295352,31.8881035483796
-0.999289472640589,0.429735003020115,-0.587785252292262,31.8886248767024
-0.99928947264059,0.428846432279071,-0.587785252293113,31.8891473042527
-0.99361131052001,0.427969097511209,0.951056516295027,31.8896708258743
-0.982287250728689,0.427103137257859,4.85078286132506E-13,31.8901954364004
-0.965381638833273,0.426248688264183,-0.951056516295327,31.8907211306531
-0.94299053589286,0.425405885457582,0.587785252292328,31.8912479034442
-0.915241172620919,0.42457486192639,0.587785252292679,31.8917757495746
-0.882291226434951,0.423755748898855,-0.951056516295052,31.8923046638347
-0.844327925502023,0.422948675722421,-4.03733253426242E-13,31.8928346410042
-0.801566984870879,0.422153769843298,0.951056516295161,31.8933656758526
-0.754251380736119,0.421371156786338,-0.587785252292026,31.8938977631387
-0.702649969798859,0.420600960135217,-0.587785252292613,31.894430897611
-0.647055961569448,0.419843301512912,0.951056516294936,31.8949650740077
-0.587785252292469,0.419098300562505,3.22388220719977E-13,31.8955002870568
-0.525174629961283,0.418366074928282,-0.951056516295136,31.8960365314759
-0.459579860621491,0.417646740237157,0.587785252292091,31.8965738019724
-0.391373666837197,0.416940410080419,0.587785252292547,31.8971120932437
-0.320943609807222,0.416247195995786,-0.951056516294962,31.8976513999771
-0.248689887164859,0.415567207449798,-2.41043188013712E-13,31.8981917168499
-0.175023058975299,0.414900551820531,0.951056516295392,31.8987330385294
-0.100361714851228,0.414247334380635,-0.587785252292157,31.8992753596728
-0.0251300954433697,0.413607658280717,-0.587785252293217,31.8998186749279
0.0502443181797752,0.412981624533048,0.951056516294987,31.9003629789321
0.125333233564319,0.412369331995614,1.59698155307447E-13,31.9009082663135
0.199709980514403,0.411770877356505,-0.951056516295366,31.9014545316903
0.272951935517331,0.411186355118646,0.587785252292223,31.9020017696712
0.344642923174505,0.410615857584874,0.587785252292784,31.9025499748549
0.414375580993281,0.410059474843363,-0.951056516295012,31.9030991418311
0.481753674101696,0.409517294753398,-5.33100473487647E-13,31.9036492651797
0.546394346734258,0.4089894029315,0.951056516295201,31.904200339471
0.607930297694603,0.408475882737908,-0.587785252292289,31.9047523592664
0.666011867434256,0.407976815263413,-0.587785252292718,31.9053053191175
0.720309024887918,0.407492279316554,0.951056516295037,31.9058592135669
0.770513242775787,0.407022351411175,4.51755440781382E-13,31.9064140371479
0.816339250717188,0.406567105754339,-0.951056516295176,31.9069697843845
0.857526656193646,0.406126614234613,0.587785252291987,31.9075264497918
0.893841424151262,0.405700946410714,0.587785252292652,31.9080840278757
0.92507720683445,0.405290169500526,-0.951056516294922,31.9086425131331
0.95105651629515,0.404894348370485,-3.70410408075117E-13,31.9092019000521
0.971631732914673,0.404513545525336,0.951056516295151,31.9097621831116
0.986685944207864,0.404147821098262,-0.587785252292053,31.910323356782
0.996133609143174,0.403797232841391,-0.587785252292586,31.9108854155246
0.999921044203816,0.403461836116673,0.951056516294947,31.9114483537922
0.998026728428271,0.403141683887137,2.89065375368852E-13,31.9120121660288
0.990461425696653,0.402836826708533,-0.951056516295407,31.9125768466698
0.977268123568194,0.402547312721342,0.587785252292118,31.913142390142
0.958521789017382,0.402273187643181,0.587785252292888,31.9137087908638
0.934328942456616,0.402014494761575,-0.951056516294972,31.914276043245
0.904827052466021,0.401771274927131,-2.07720342662587E-13,31.914844141687
0.870183754669536,0.40154356654708,0.951056516295241,31.9154130805829
0.830595899195819,0.401331405579213,-0.587785252292184,31.9159828543176
0.78628843213662,0.401134825526209,-0.587785252292822,31.9165534572676
0.737513117358169,0.400953857430335,0.951056516294997,31.9171248838013
0.684547105928697,0.400788529868552,5.81122660842787E-13,31.917697128279
0.627691361290702,0.400638868947999,-0.951056516295216,31.9182701850527
0.567268949126751,0.40050489830187,0.58778525229225,31.9188440484668
0.503623201635771,0.400386639085683,0.587785252292757,31.9194187128573
0.437115766650935,0.400284109973939,-0.951056516295163,31.9199941725525
0.368124552684698,0.400197327157173,-4.99777628136522E-13,31.920570421873
0.297041581577046,0.400126304339398,0.951056516295191,31.9211474551314
0.224270760949383,0.400071052735941,-0.587785252291948,31.9217252666326
0.15022558912075,0.40003158107167,-0.587785252292691,31.9223038506737
0.0753268055279442,0.400007895579618,0.951056516294907,31.9228832015445
1.9580149134002E-15,0.4,4.18432595430257E-13,31.923463313527
-0.0753268055279403,0.400007895579618,-0.951056516295165,31.9240441808956
-0.150225589120746,0.40003158107167,0.587785252292014,31.9246257979176
-0.224270760949379,0.400071052735941,0.587785252292625,31.9252081588524
-0.297041581577015,0.400126304339398,-0.951056516294932,31.9257912579526
-0.368124552684668,0.400197327157173,-3.37087562723992E-13,31.9263750894631
-0.437115766650931,0.400284109973939,0.951056516295421,31.9269596476217
-0.503623201635768,0.400386639085683,-0.58778525229208,31.9275449266591
-0.567268949126747,0.40050489830187,-0.587785252292927,31.9281309207988
-0.627691361290699,0.400638868947999,0.951056516294957,31.9287176242573
-0.684547105928694,0.400788529868552,2.55742530017727E-13,31.9293050312441
-0.737513117358166,0.400953857430335,-0.951056516295256,31.9298931359617
-0.786288432136618,0.401134825526209,0.587785252292145,31.9304819326058
-0.830595899195801,0.401331405579213,0.587785252292861,31.9310714153651
-0.87018375466952,0.401543566547079,-0.951056516295123,31.9316615784217
-0.904827052466007,0.401771274927131,-6.29144848197927E-13,31.9322524159509
-0.934328942456615,0.402014494761575,0.951056516295231,31.9328439221215
-0.958521789017381,0.402273187643181,-0.587785252292579,31.9334360910954
-0.977268123568193,0.402547312721342,-0.587785252292795,31.9340289170282
-0.990461425696652,0.402836826708533,0.951056516295148,31.934622394069
-0.998026728428271,0.403141683887137,5.47799815491662E-13,31.9352165163604
-0.999921044203816,0.403461836116673,-0.951056516295205,31.9358112780386
-0.996133609143174,0.403797232841391,0.587785252291909,31.9364066732335
-0.98668594420787,0.404147821098262,0.58778525229273,31.9370026960689
-0.971631732914681,0.404513545525336,-0.951056516294892,31.9375993406623
-0.951056516295151,0.404894348370485,-4.66454782785397E-13,31.938196601125
-0.925077206834451,0.405290169500526,0.95105651629518,31.9387944715623
-0.893841424151264,0.405700946410713,-0.587785252291975,31.9393929460734
-0.857526656193648,0.406126614234613,-0.587785252292664,31.9399920187517
-0.81633925071719,0.406567105754339,0.951056516294917,31.9405916836846
-0.77051324277579,0.407022351411175,3.85109750079132E-13,31.9411919349535
-0.72030902488792,0.407492279316554,-0.951056516295296,31.9417927666343
-0.666011867434259,0.407976815263413,0.587785252292041,31.942394172797
-0.607930297694628,0.408475882737908,0.587785252292966,31.942996147506
-0.546394346734285,0.4089894029315,-0.951056516295083,31.94359868482
-0.481753674101699,0.409517294753398,-3.03764717372867E-13,31.9442017787922
-0.414375580993284,0.410059474843363,0.951056516295271,31.9448054234702
-0.344642923174508,0.410615857584874,-0.587785252292474,31.9454096128965
-0.272951935517335,0.411186355118646,-0.5877852522929,31.9460143411079
-0.199709980514407,0.411770877356505,0.951056516295108,31.9466196021359
-0.125333233564323,0.412369331995614,6.77167035553067E-13,31.9472253900069
-0.0502443181797792,0.412981624533047,-0.951056516295245,31.947831698742
0.0251300954433374,0.413607658280716,0.58778525229254,31.9484385223572
0.100361714851196,0.414247334380635,0.587785252292834,31.9490458548633
0.175023058975267,0.414900551820531,-0.951056516295133,31.9496536902663
0.248689887164855,0.415567207449798,-5.95822002846802E-13,31.950262022567
0.320943609807219,0.416247195995786,0.95105651629522,31.9508708457615
0.391373666837194,0.416940410080418,-0.58778525229187,31.9514801538409
0.459579860621488,0.417646740237157,-0.587785252292769,31.9520899407916
0.52517462996128,0.418366074928281,0.951056516294877,31.9527002005953
0.587785252292466,0.419098300562505,5.14476970140537E-13,31.9533109272288
0.647055961569445,0.419843301512912,-0.951056516295195,31.9539221146647
0.702649969798836,0.420600960135216,0.587785252291936,31.9545337568707
0.754251380736098,0.421371156786338,0.587785252292703,31.9551458478101
0.801566984870877,0.422153769843297,-0.951056516295043,31.9557583814419
0.84432792550202,0.422948675722421,-4.33131937434272E-13,31.9563713517207
0.882291226434949,0.423755748898855,0.951056516295311,31.9569847525966
0.915241172620918,0.42457486192639,-0.587785252292002,31.9575985780156
0.942990535892858,0.425405885457582,-0.587785252293005,31.9582128219195
0.965381638833272,0.426248688264182,0.951056516295068,31.958827478246
0.982287250728689,0.427103137257859,3.51786904728008E-13,31.9594425409287
0.993611310520006,0.427969097511209,-0.951056516295285,31.9600580038971
0.999289472640589,0.428846432279071,0.587785252292436,31.9606738610769
0.999289472640589,0.429735003020115,0.587785252292939,31.9612901063898
0.993611310520007,0.43063466941872,-0.951056516295093,31.9619067337538
0.98228725072869,0.431545289407131,-7.25189222908207E-13,31.9625237370829
0.965381638833274,0.432466719187897,0.95105651629526,31.9631411102875
0.942990535892861,0.433398813256575,-0.587785252292501,31.9637588472746
0.915241172620921,0.434341424424704,-0.587785252292873,31.9643769419472
0.882291226434953,0.435294403843056,0.951056516295118,31.9649953882049
0.844327925502025,0.436257601025131,6.43844190201942E-13,31.9656141799441
0.801566984870882,0.43723086387093,-0.951056516295235,31.9662333110575
0.754251380736122,0.438214038690966,0.587785252291831,31.9668527754344
0.702649969798842,0.43920697023054,0.587785252292807,31.967472566961
0.647055961569451,0.440209501694248,-0.951056516295003,31.9680926795203
0.587785252292472,0.441221474770753,-5.62499157495677E-13,31.968713106992
0.525174629961286,0.442242729657773,0.95105651629521,31.9693338432526
0.459579860621495,0.443273105087324,-0.587785252291897,31.9699548821758
0.391373666837201,0.444312438351181,-0.587785252292742,31.9705762176323
0.320943609807226,0.445360565326573,0.951056516295028,31.9711978434895
0.248689887164862,0.4464173205021,4.81154124789412E-13,31.9718197536125
0.175023058975302,0.44748253700387,-0.951056516295325,31.9724419418631
0.100361714851232,0.448556046621849,0.587785252292331,31.9730644021006
0.0251300954433452,0.449637679836424,0.587785252293044,31.9736871281815
-0.0502443181797713,0.450727265845171,-0.951056516295053,31.9743101139599
-0.125333233564315,0.451824632589829,5.49382588033165E-14,31.9749333532871
-0.1997099805144,0.452929606783466,0.9510565162953,31.975556840012
-0.272951935517327,0.454042013937851,-0.587785252292397,31.976180567981
-0.344642923174501,0.455161678390997,-0.587785252292978,31.9768045310382
-0.414375580993277,0.456288423334907,0.951056516295078,31.9774287230253
-0.481753674101692,0.457422070843493,7.73211410263347E-13,31.9780531377818
-0.546394346734255,0.458562441900672,-0.951056516295275,31.9786777691449
-0.607930297694622,0.459709356428634,0.587785252292463,31.9793026109499
-0.666011867434253,0.46086263331628,0.587785252292912,31.9799276570298
-0.720309024887915,0.46202209044782,-0.951056516295103,31.9805529012155
-0.770513242775785,0.463187544731532,-6.91866377557082E-13,31.9811783373363
-0.816339250717185,0.464358812128675,0.95105651629525,31.9818039592193
-0.857526656193644,0.465535707682548,-0.587785252291793,31.9824297606899
-0.893841424151261,0.466718045547701,-0.587785252292846,31.9830557355716
-0.925077206834448,0.467905639019279,0.951056516294988,31.9836818776864
-0.951056516295149,0.469098300562505,6.10521344850817E-13,31.9843081808544
-0.971631732914672,0.470295841842297,-0.951056516295225,31.9849346388944
-0.986685944207868,0.471498073753002,0.587785252292226,31.9855612456234
-0.996133609143174,0.472704806448268,0.58778525229278,31.9861879948571
-0.999921044203816,0.47391584937101,-0.951056516295013,31.9868148804097
-0.998026728428271,0.475131011283515,-7.44289612580884E-14,31.9874418960941
-0.990461425696653,0.476350100297627,0.95105651629534,31.988069035722
-0.977268123568195,0.477572923905062,-0.587785252292292,31.9886962931036
-0.958521789017383,0.478799289007794,-0.587785252293083,31.9893236620482
-0.934328942456618,0.480029001948559,0.951056516295038,31.989951136364
-0.904827052466022,0.481261868541428,-6.91607144817641E-15,31.9905787098581
-0.870183754669524,0.482497694102472,-0.951056516295315,31.9912063763364
-0.830595899195806,0.483736283480512,0.587785252292358,31.9918341296043
-0.786288432136623,0.484977441087924,0.587785252293017,31.992461963466
-0.737513117358172,0.486220970931536,-0.951056516295063,31.9930898717251
-0.6845471059287,0.487466676643569,-8.21233597618487E-13,31.9937178481844
-0.627691361290705,0.488714361512652,0.95105651629529,31.9943458866459
-0.567268949126754,0.489963828514879,-0.587785252292424,31.9949739809113
-0.503623201635774,0.491214880344925,-0.587785252292951,31.9956021247815
-0.437115766650938,0.492467319447207,0.951056516295089,31.9962303120569
-0.368124552684701,0.493720948047069,7.39888564912222E-13,31.9968585365376
-0.297041581577023,0.494975568182023,-0.951056516295265,31.9974867920233
-0.224270760949387,0.496230981733006,0.587785252292122,31.9981150723134
-0.150225589120754,0.497486990455666,0.587785252292885,31.9987433712069
-0.0753268055279481,0.498743396011664,-0.951056516294973,31.9993716825028
